tile_id,image_path,label_path,source,original_image,resolution_m,width,height,x_offset,y_offset,longitude,latitude,country,continent,hdi_value,hdi_level,building_density,settlement_type
WHU_SatII_2_1626_full,images/WHU_SatII_2_1626_full.png,labels/WHU_SatII_2_1626_full.png,WHU_Satellite_II,2_1626.tif,1.0,512,512,0,0,0.0,0.0,East Asia,Asia,0.77,developing,0.0686073303222656,suburban
WHU_SatII_1_3396_full,images/WHU_SatII_1_3396_full.png,labels/WHU_SatII_1_3396_full.png,WHU_Satellite_II,1_3396.tif,1.0,512,512,0,0,0.0,0.0,East Asia,Asia,0.77,developing,0.0194358825683593,rural
WHU_SatII_1_3063_full,images/WHU_SatII_1_3063_full.png,labels/WHU_SatII_1_3063_full.png,WHU_Satellite_II,1_3063.tif,1.0,512,512,0,0,0.0,0.0,East Asia,Asia,0.77,developing,0.0119590759277343,rural
WHU_SatII_2_1090_full,images/WHU_SatII_2_1090_full.png,labels/WHU_SatII_2_1090_full.png,WHU_Satellite_II,2_1090.tif,1.0,512,512,0,0,0.0,0.0,East Asia,Asia,0.77,developing,0.0421180725097656,rural
WHU_SatII_1_778_full,images/WHU_SatII_1_778_full.png,labels/WHU_SatII_1_778_full.png,WHU_Satellite_II,1_778.tif,1.0,512,512,0,0,0.0,0.0,East Asia,Asia,0.77,developing,0.0257949829101562,rural
WHU_SatII_2_1524_full,images/WHU_SatII_2_1524_full.png,labels/WHU_SatII_2_1524_full.png,WHU_Satellite_II,2_1524.tif,1.0,512,512,0,0,0.0,0.0,East Asia,Asia,0.77,developing,0.011932373046875,rural
WHU_SatII_1_287_full,images/WHU_SatII_1_287_full.png,labels/WHU_SatII_1_287_full.png,WHU_Satellite_II,1_287.tif,1.0,512,512,0,0,0.0,0.0,East Asia,Asia,0.77,developing,0.0520248413085937,suburban
WHU_SatII_2_1156_full,images/WHU_SatII_2_1156_full.png,labels/WHU_SatII_2_1156_full.png,WHU_Satellite_II,2_1156.tif,1.0,512,512,0,0,0.0,0.0,East Asia,Asia,0.77,developing,0.0488510131835937,rural
WHU_SatII_1_5558_full,images/WHU_SatII_1_5558_full.png,labels/WHU_SatII_1_5558_full.png,WHU_Satellite_II,1_5558.tif,1.0,512,512,0,0,0.0,0.0,East Asia,Asia,0.77,developing,0.0400657653808593,rural
WHU_SatII_2_703_full,images/WHU_SatII_2_703_full.png,labels/WHU_SatII_2_703_full.png,WHU_Satellite_II,2_703.tif,1.0,512,512,0,0,0.0,0.0,East Asia,Asia,0.77,developing,0.1295852661132812,suburban
WHU_SatII_1_6033_full,images/WHU_SatII_1_6033_full.png,labels/WHU_SatII_1_6033_full.png,WHU_Satellite_II,1_6033.tif,1.0,512,512,0,0,0.0,0.0,East Asia,Asia,0.77,developing,0.0315170288085937,rural
WHU_SatII_1_4984_full,images/WHU_SatII_1_4984_full.png,labels/WHU_SatII_1_4984_full.png,WHU_Satellite_II,1_4984.tif,1.0,512,512,0,0,0.0,0.0,East Asia,Asia,0.77,developing,0.0564422607421875,suburban
WHU_SatII_1_1803_full,images/WHU_SatII_1_1803_full.png,labels/WHU_SatII_1_1803_full.png,WHU_Satellite_II,1_1803.tif,1.0,512,512,0,0,0.0,0.0,East Asia,Asia,0.77,developing,0.0111274719238281,rural
WHU_SatII_1_161_full,images/WHU_SatII_1_161_full.png,labels/WHU_SatII_1_161_full.png,WHU_Satellite_II,1_161.tif,1.0,512,512,0,0,0.0,0.0,East Asia,Asia,0.77,developing,0.0405769348144531,rural
WHU_SatII_1_5137_full,images/WHU_SatII_1_5137_full.png,labels/WHU_SatII_1_5137_full.png,WHU_Satellite_II,1_5137.tif,1.0,512,512,0,0,0.0,0.0,East Asia,Asia,0.77,developing,0.0616302490234375,suburban
WHU_SatII_2_7_full,images/WHU_SatII_2_7_full.png,labels/WHU_SatII_2_7_full.png,WHU_Satellite_II,2_7.tif,1.0,512,512,0,0,0.0,0.0,East Asia,Asia,0.77,developing,0.0143013000488281,rural
WHU_SatII_2_3501_full,images/WHU_SatII_2_3501_full.png,labels/WHU_SatII_2_3501_full.png,WHU_Satellite_II,2_3501.tif,1.0,512,512,0,0,0.0,0.0,East Asia,Asia,0.77,developing,0.2246513366699218,urban_medium_density
WHU_SatII_2_2332_full,images/WHU_SatII_2_2332_full.png,labels/WHU_SatII_2_2332_full.png,WHU_Satellite_II,2_2332.tif,1.0,512,512,0,0,0.0,0.0,East Asia,Asia,0.77,developing,0.0740165710449218,suburban
WHU_SatII_1_6676_full,images/WHU_SatII_1_6676_full.png,labels/WHU_SatII_1_6676_full.png,WHU_Satellite_II,1_6676.tif,1.0,512,512,0,0,0.0,0.0,East Asia,Asia,0.77,developing,0.0521240234375,suburban
WHU_SatII_1_3534_full,images/WHU_SatII_1_3534_full.png,labels/WHU_SatII_1_3534_full.png,WHU_Satellite_II,1_3534.tif,1.0,512,512,0,0,0.0,0.0,East Asia,Asia,0.77,developing,0.0314407348632812,rural
WHU_SatII_2_603_full,images/WHU_SatII_2_603_full.png,labels/WHU_SatII_2_603_full.png,WHU_Satellite_II,2_603.tif,1.0,512,512,0,0,0.0,0.0,East Asia,Asia,0.77,developing,0.0144271850585937,rural
WHU_SatII_2_1419_full,images/WHU_SatII_2_1419_full.png,labels/WHU_SatII_2_1419_full.png,WHU_Satellite_II,2_1419.tif,1.0,512,512,0,0,0.0,0.0,East Asia,Asia,0.77,developing,0.0200958251953125,rural
WHU_SatII_1_1445_full,images/WHU_SatII_1_1445_full.png,labels/WHU_SatII_1_1445_full.png,WHU_Satellite_II,1_1445.tif,1.0,512,512,0,0,0.0,0.0,East Asia,Asia,0.77,developing,0.0123062133789062,rural
WHU_SatII_2_1236_full,images/WHU_SatII_2_1236_full.png,labels/WHU_SatII_2_1236_full.png,WHU_Satellite_II,2_1236.tif,1.0,512,512,0,0,0.0,0.0,East Asia,Asia,0.77,developing,0.1401023864746093,suburban
WHU_SatII_2_2745_full,images/WHU_SatII_2_2745_full.png,labels/WHU_SatII_2_2745_full.png,WHU_Satellite_II,2_2745.tif,1.0,512,512,0,0,0.0,0.0,East Asia,Asia,0.77,developing,0.0226364135742187,rural
WHU_SatII_2_2770_full,images/WHU_SatII_2_2770_full.png,labels/WHU_SatII_2_2770_full.png,WHU_Satellite_II,2_2770.tif,1.0,512,512,0,0,0.0,0.0,East Asia,Asia,0.77,developing,0.0429420471191406,rural
WHU_SatII_1_1834_full,images/WHU_SatII_1_1834_full.png,labels/WHU_SatII_1_1834_full.png,WHU_Satellite_II,1_1834.tif,1.0,512,512,0,0,0.0,0.0,East Asia,Asia,0.77,developing,0.1831398010253906,urban_medium_density
WHU_SatII_1_1034_full,images/WHU_SatII_1_1034_full.png,labels/WHU_SatII_1_1034_full.png,WHU_Satellite_II,1_1034.tif,1.0,512,512,0,0,0.0,0.0,East Asia,Asia,0.77,developing,0.0179824829101562,rural
WHU_SatII_2_470_full,images/WHU_SatII_2_470_full.png,labels/WHU_SatII_2_470_full.png,WHU_Satellite_II,2_470.tif,1.0,512,512,0,0,0.0,0.0,East Asia,Asia,0.77,developing,0.0443153381347656,rural
WHU_SatII_2_1935_full,images/WHU_SatII_2_1935_full.png,labels/WHU_SatII_2_1935_full.png,WHU_Satellite_II,2_1935.tif,1.0,512,512,0,0,0.0,0.0,East Asia,Asia,0.77,developing,0.0304450988769531,rural
WHU_SatII_2_1036_full,images/WHU_SatII_2_1036_full.png,labels/WHU_SatII_2_1036_full.png,WHU_Satellite_II,2_1036.tif,1.0,512,512,0,0,0.0,0.0,East Asia,Asia,0.77,developing,0.1303443908691406,suburban
WHU_SatII_2_2411_full,images/WHU_SatII_2_2411_full.png,labels/WHU_SatII_2_2411_full.png,WHU_Satellite_II,2_2411.tif,1.0,512,512,0,0,0.0,0.0,East Asia,Asia,0.77,developing,0.1157684326171875,suburban
WHU_SatII_1_2485_full,images/WHU_SatII_1_2485_full.png,labels/WHU_SatII_1_2485_full.png,WHU_Satellite_II,1_2485.tif,1.0,512,512,0,0,0.0,0.0,East Asia,Asia,0.77,developing,0.0109291076660156,rural
WHU_SatII_1_2441_full,images/WHU_SatII_1_2441_full.png,labels/WHU_SatII_1_2441_full.png,WHU_Satellite_II,1_2441.tif,1.0,512,512,0,0,0.0,0.0,East Asia,Asia,0.77,developing,0.0978050231933593,suburban
WHU_SatII_2_3499_full,images/WHU_SatII_2_3499_full.png,labels/WHU_SatII_2_3499_full.png,WHU_Satellite_II,2_3499.tif,1.0,512,512,0,0,0.0,0.0,East Asia,Asia,0.77,developing,0.1514015197753906,urban_medium_density
WHU_SatII_1_5803_full,images/WHU_SatII_1_5803_full.png,labels/WHU_SatII_1_5803_full.png,WHU_Satellite_II,1_5803.tif,1.0,512,512,0,0,0.0,0.0,East Asia,Asia,0.77,developing,0.0815505981445312,suburban
WHU_SatII_1_2868_full,images/WHU_SatII_1_2868_full.png,labels/WHU_SatII_1_2868_full.png,WHU_Satellite_II,1_2868.tif,1.0,512,512,0,0,0.0,0.0,East Asia,Asia,0.77,developing,0.0203704833984375,rural
WHU_SatII_2_1605_full,images/WHU_SatII_2_1605_full.png,labels/WHU_SatII_2_1605_full.png,WHU_Satellite_II,2_1605.tif,1.0,512,512,0,0,0.0,0.0,East Asia,Asia,0.77,developing,0.0225296020507812,rural
WHU_SatII_2_2440_full,images/WHU_SatII_2_2440_full.png,labels/WHU_SatII_2_2440_full.png,WHU_Satellite_II,2_2440.tif,1.0,512,512,0,0,0.0,0.0,East Asia,Asia,0.77,developing,0.013916015625,rural
WHU_SatII_2_902_full,images/WHU_SatII_2_902_full.png,labels/WHU_SatII_2_902_full.png,WHU_Satellite_II,2_902.tif,1.0,512,512,0,0,0.0,0.0,East Asia,Asia,0.77,developing,0.2367935180664062,urban_medium_density
WHU_SatII_1_9111_full,images/WHU_SatII_1_9111_full.png,labels/WHU_SatII_1_9111_full.png,WHU_Satellite_II,1_9111.tif,1.0,512,512,0,0,0.0,0.0,East Asia,Asia,0.77,developing,0.0433692932128906,rural
WHU_SatII_1_5737_full,images/WHU_SatII_1_5737_full.png,labels/WHU_SatII_1_5737_full.png,WHU_Satellite_II,1_5737.tif,1.0,512,512,0,0,0.0,0.0,East Asia,Asia,0.77,developing,0.0358924865722656,rural
WHU_SatII_2_3567_full,images/WHU_SatII_2_3567_full.png,labels/WHU_SatII_2_3567_full.png,WHU_Satellite_II,2_3567.tif,1.0,512,512,0,0,0.0,0.0,East Asia,Asia,0.77,developing,0.0333976745605468,rural
WHU_SatII_2_3353_full,images/WHU_SatII_2_3353_full.png,labels/WHU_SatII_2_3353_full.png,WHU_Satellite_II,2_3353.tif,1.0,512,512,0,0,0.0,0.0,East Asia,Asia,0.77,developing,0.0632247924804687,suburban
WHU_SatII_1_231_full,images/WHU_SatII_1_231_full.png,labels/WHU_SatII_1_231_full.png,WHU_Satellite_II,1_231.tif,1.0,512,512,0,0,0.0,0.0,East Asia,Asia,0.77,developing,0.0612602233886718,suburban
WHU_SatII_2_3464_full,images/WHU_SatII_2_3464_full.png,labels/WHU_SatII_2_3464_full.png,WHU_Satellite_II,2_3464.tif,1.0,512,512,0,0,0.0,0.0,East Asia,Asia,0.77,developing,0.029296875,rural
WHU_SatII_1_2889_full,images/WHU_SatII_1_2889_full.png,labels/WHU_SatII_1_2889_full.png,WHU_Satellite_II,1_2889.tif,1.0,512,512,0,0,0.0,0.0,East Asia,Asia,0.77,developing,0.0249290466308593,rural
WHU_SatII_2_746_full,images/WHU_SatII_2_746_full.png,labels/WHU_SatII_2_746_full.png,WHU_Satellite_II,2_746.tif,1.0,512,512,0,0,0.0,0.0,East Asia,Asia,0.77,developing,0.02996826171875,rural
WHU_SatII_1_4943_full,images/WHU_SatII_1_4943_full.png,labels/WHU_SatII_1_4943_full.png,WHU_Satellite_II,1_4943.tif,1.0,512,512,0,0,0.0,0.0,East Asia,Asia,0.77,developing,0.0154647827148437,rural
WHU_SatII_1_2379_full,images/WHU_SatII_1_2379_full.png,labels/WHU_SatII_1_2379_full.png,WHU_Satellite_II,1_2379.tif,1.0,512,512,0,0,0.0,0.0,East Asia,Asia,0.77,developing,0.0433387756347656,rural
WHU_SatII_1_6082_full,images/WHU_SatII_1_6082_full.png,labels/WHU_SatII_1_6082_full.png,WHU_Satellite_II,1_6082.tif,1.0,512,512,0,0,0.0,0.0,East Asia,Asia,0.77,developing,0.0910911560058593,suburban
WHU_SatII_2_68_full,images/WHU_SatII_2_68_full.png,labels/WHU_SatII_2_68_full.png,WHU_Satellite_II,2_68.tif,1.0,512,512,0,0,0.0,0.0,East Asia,Asia,0.77,developing,0.0338249206542968,rural
WHU_SatII_2_2760_full,images/WHU_SatII_2_2760_full.png,labels/WHU_SatII_2_2760_full.png,WHU_Satellite_II,2_2760.tif,1.0,512,512,0,0,0.0,0.0,East Asia,Asia,0.77,developing,0.1214218139648437,suburban
WHU_SatII_2_3396_full,images/WHU_SatII_2_3396_full.png,labels/WHU_SatII_2_3396_full.png,WHU_Satellite_II,2_3396.tif,1.0,512,512,0,0,0.0,0.0,East Asia,Asia,0.77,developing,0.0136184692382812,rural
WHU_SatII_1_5929_full,images/WHU_SatII_1_5929_full.png,labels/WHU_SatII_1_5929_full.png,WHU_Satellite_II,1_5929.tif,1.0,512,512,0,0,0.0,0.0,East Asia,Asia,0.77,developing,0.0187416076660156,rural
WHU_SatII_1_572_full,images/WHU_SatII_1_572_full.png,labels/WHU_SatII_1_572_full.png,WHU_Satellite_II,1_572.tif,1.0,512,512,0,0,0.0,0.0,East Asia,Asia,0.77,developing,0.0108680725097656,rural
WHU_SatII_1_3022_full,images/WHU_SatII_1_3022_full.png,labels/WHU_SatII_1_3022_full.png,WHU_Satellite_II,1_3022.tif,1.0,512,512,0,0,0.0,0.0,East Asia,Asia,0.77,developing,0.0110282897949218,rural
WHU_SatII_1_7112_full,images/WHU_SatII_1_7112_full.png,labels/WHU_SatII_1_7112_full.png,WHU_Satellite_II,1_7112.tif,1.0,512,512,0,0,0.0,0.0,East Asia,Asia,0.77,developing,0.0651130676269531,suburban
WHU_SatII_1_4798_full,images/WHU_SatII_1_4798_full.png,labels/WHU_SatII_1_4798_full.png,WHU_Satellite_II,1_4798.tif,1.0,512,512,0,0,0.0,0.0,East Asia,Asia,0.77,developing,0.0955429077148437,suburban
WHU_SatII_1_6781_full,images/WHU_SatII_1_6781_full.png,labels/WHU_SatII_1_6781_full.png,WHU_Satellite_II,1_6781.tif,1.0,512,512,0,0,0.0,0.0,East Asia,Asia,0.77,developing,0.078826904296875,suburban
WHU_SatII_1_2983_full,images/WHU_SatII_1_2983_full.png,labels/WHU_SatII_1_2983_full.png,WHU_Satellite_II,1_2983.tif,1.0,512,512,0,0,0.0,0.0,East Asia,Asia,0.77,developing,0.0344657897949218,rural
WHU_SatII_2_355_full,images/WHU_SatII_2_355_full.png,labels/WHU_SatII_2_355_full.png,WHU_Satellite_II,2_355.tif,1.0,512,512,0,0,0.0,0.0,East Asia,Asia,0.77,developing,0.1053009033203125,suburban
WHU_SatII_2_3489_full,images/WHU_SatII_2_3489_full.png,labels/WHU_SatII_2_3489_full.png,WHU_Satellite_II,2_3489.tif,1.0,512,512,0,0,0.0,0.0,East Asia,Asia,0.77,developing,0.0637054443359375,suburban
WHU_SatII_2_2711_full,images/WHU_SatII_2_2711_full.png,labels/WHU_SatII_2_2711_full.png,WHU_Satellite_II,2_2711.tif,1.0,512,512,0,0,0.0,0.0,East Asia,Asia,0.77,developing,0.0302276611328125,rural
WHU_SatII_1_933_full,images/WHU_SatII_1_933_full.png,labels/WHU_SatII_1_933_full.png,WHU_Satellite_II,1_933.tif,1.0,512,512,0,0,0.0,0.0,East Asia,Asia,0.77,developing,0.0510826110839843,suburban
WHU_SatII_1_4426_full,images/WHU_SatII_1_4426_full.png,labels/WHU_SatII_1_4426_full.png,WHU_Satellite_II,1_4426.tif,1.0,512,512,0,0,0.0,0.0,East Asia,Asia,0.77,developing,0.0805587768554687,suburban
WHU_SatII_2_3497_full,images/WHU_SatII_2_3497_full.png,labels/WHU_SatII_2_3497_full.png,WHU_Satellite_II,2_3497.tif,1.0,512,512,0,0,0.0,0.0,East Asia,Asia,0.77,developing,0.0414848327636718,rural
WHU_SatII_1_1148_full,images/WHU_SatII_1_1148_full.png,labels/WHU_SatII_1_1148_full.png,WHU_Satellite_II,1_1148.tif,1.0,512,512,0,0,0.0,0.0,East Asia,Asia,0.77,developing,0.0563507080078125,suburban
WHU_SatII_2_70_full,images/WHU_SatII_2_70_full.png,labels/WHU_SatII_2_70_full.png,WHU_Satellite_II,2_70.tif,1.0,512,512,0,0,0.0,0.0,East Asia,Asia,0.77,developing,0.1100616455078125,suburban
WHU_SatII_1_525_full,images/WHU_SatII_1_525_full.png,labels/WHU_SatII_1_525_full.png,WHU_Satellite_II,1_525.tif,1.0,512,512,0,0,0.0,0.0,East Asia,Asia,0.77,developing,0.0313453674316406,rural
WHU_SatII_2_3241_full,images/WHU_SatII_2_3241_full.png,labels/WHU_SatII_2_3241_full.png,WHU_Satellite_II,2_3241.tif,1.0,512,512,0,0,0.0,0.0,East Asia,Asia,0.77,developing,0.0356559753417968,rural
WHU_SatII_1_2629_full,images/WHU_SatII_1_2629_full.png,labels/WHU_SatII_1_2629_full.png,WHU_Satellite_II,1_2629.tif,1.0,512,512,0,0,0.0,0.0,East Asia,Asia,0.77,developing,0.1233406066894531,suburban
WHU_SatII_1_4342_full,images/WHU_SatII_1_4342_full.png,labels/WHU_SatII_1_4342_full.png,WHU_Satellite_II,1_4342.tif,1.0,512,512,0,0,0.0,0.0,East Asia,Asia,0.77,developing,0.0339775085449218,rural
WHU_SatII_2_2977_full,images/WHU_SatII_2_2977_full.png,labels/WHU_SatII_2_2977_full.png,WHU_Satellite_II,2_2977.tif,1.0,512,512,0,0,0.0,0.0,East Asia,Asia,0.77,developing,0.094970703125,suburban
WHU_SatII_1_7301_full,images/WHU_SatII_1_7301_full.png,labels/WHU_SatII_1_7301_full.png,WHU_Satellite_II,1_7301.tif,1.0,512,512,0,0,0.0,0.0,East Asia,Asia,0.77,developing,0.0122909545898437,rural
WHU_SatII_1_8652_full,images/WHU_SatII_1_8652_full.png,labels/WHU_SatII_1_8652_full.png,WHU_Satellite_II,1_8652.tif,1.0,512,512,0,0,0.0,0.0,East Asia,Asia,0.77,developing,0.0111236572265625,rural
WHU_SatII_1_5801_full,images/WHU_SatII_1_5801_full.png,labels/WHU_SatII_1_5801_full.png,WHU_Satellite_II,1_5801.tif,1.0,512,512,0,0,0.0,0.0,East Asia,Asia,0.77,developing,0.0572547912597656,suburban
WHU_SatII_1_1763_full,images/WHU_SatII_1_1763_full.png,labels/WHU_SatII_1_1763_full.png,WHU_Satellite_II,1_1763.tif,1.0,512,512,0,0,0.0,0.0,East Asia,Asia,0.77,developing,0.0223426818847656,rural
WHU_SatII_1_2438_full,images/WHU_SatII_1_2438_full.png,labels/WHU_SatII_1_2438_full.png,WHU_Satellite_II,1_2438.tif,1.0,512,512,0,0,0.0,0.0,East Asia,Asia,0.77,developing,0.0105628967285156,rural
WHU_SatII_1_8487_full,images/WHU_SatII_1_8487_full.png,labels/WHU_SatII_1_8487_full.png,WHU_Satellite_II,1_8487.tif,1.0,512,512,0,0,0.0,0.0,East Asia,Asia,0.77,developing,0.1091766357421875,suburban
WHU_SatII_1_5985_full,images/WHU_SatII_1_5985_full.png,labels/WHU_SatII_1_5985_full.png,WHU_Satellite_II,1_5985.tif,1.0,512,512,0,0,0.0,0.0,East Asia,Asia,0.77,developing,0.0875320434570312,suburban
WHU_SatII_1_4528_full,images/WHU_SatII_1_4528_full.png,labels/WHU_SatII_1_4528_full.png,WHU_Satellite_II,1_4528.tif,1.0,512,512,0,0,0.0,0.0,East Asia,Asia,0.77,developing,0.0908851623535156,suburban
WHU_SatII_1_3190_full,images/WHU_SatII_1_3190_full.png,labels/WHU_SatII_1_3190_full.png,WHU_Satellite_II,1_3190.tif,1.0,512,512,0,0,0.0,0.0,East Asia,Asia,0.77,developing,0.0258865356445312,rural
WHU_SatII_2_3561_full,images/WHU_SatII_2_3561_full.png,labels/WHU_SatII_2_3561_full.png,WHU_Satellite_II,2_3561.tif,1.0,512,512,0,0,0.0,0.0,East Asia,Asia,0.77,developing,0.0253753662109375,rural
WHU_SatII_2_2380_full,images/WHU_SatII_2_2380_full.png,labels/WHU_SatII_2_2380_full.png,WHU_Satellite_II,2_2380.tif,1.0,512,512,0,0,0.0,0.0,East Asia,Asia,0.77,developing,0.1118888854980468,suburban
WHU_SatII_1_5847_full,images/WHU_SatII_1_5847_full.png,labels/WHU_SatII_1_5847_full.png,WHU_Satellite_II,1_5847.tif,1.0,512,512,0,0,0.0,0.0,East Asia,Asia,0.77,developing,0.0454483032226562,rural
WHU_SatII_1_7147_full,images/WHU_SatII_1_7147_full.png,labels/WHU_SatII_1_7147_full.png,WHU_Satellite_II,1_7147.tif,1.0,512,512,0,0,0.0,0.0,East Asia,Asia,0.77,developing,0.0269546508789062,rural
WHU_SatII_1_1623_full,images/WHU_SatII_1_1623_full.png,labels/WHU_SatII_1_1623_full.png,WHU_Satellite_II,1_1623.tif,1.0,512,512,0,0,0.0,0.0,East Asia,Asia,0.77,developing,0.023651123046875,rural
WHU_SatII_2_2559_full,images/WHU_SatII_2_2559_full.png,labels/WHU_SatII_2_2559_full.png,WHU_Satellite_II,2_2559.tif,1.0,512,512,0,0,0.0,0.0,East Asia,Asia,0.77,developing,0.0875282287597656,suburban
WHU_SatII_2_2499_full,images/WHU_SatII_2_2499_full.png,labels/WHU_SatII_2_2499_full.png,WHU_Satellite_II,2_2499.tif,1.0,512,512,0,0,0.0,0.0,East Asia,Asia,0.77,developing,0.2061119079589843,urban_medium_density
WHU_SatII_2_2650_full,images/WHU_SatII_2_2650_full.png,labels/WHU_SatII_2_2650_full.png,WHU_Satellite_II,2_2650.tif,1.0,512,512,0,0,0.0,0.0,East Asia,Asia,0.77,developing,0.0118331909179687,rural
WHU_SatII_2_889_full,images/WHU_SatII_2_889_full.png,labels/WHU_SatII_2_889_full.png,WHU_Satellite_II,2_889.tif,1.0,512,512,0,0,0.0,0.0,East Asia,Asia,0.77,developing,0.0700798034667968,suburban
WHU_SatII_1_3290_full,images/WHU_SatII_1_3290_full.png,labels/WHU_SatII_1_3290_full.png,WHU_Satellite_II,1_3290.tif,1.0,512,512,0,0,0.0,0.0,East Asia,Asia,0.77,developing,0.0144805908203125,rural
WHU_SatII_1_6780_full,images/WHU_SatII_1_6780_full.png,labels/WHU_SatII_1_6780_full.png,WHU_Satellite_II,1_6780.tif,1.0,512,512,0,0,0.0,0.0,East Asia,Asia,0.77,developing,0.0100440979003906,rural
WHU_SatII_1_2565_full,images/WHU_SatII_1_2565_full.png,labels/WHU_SatII_1_2565_full.png,WHU_Satellite_II,1_2565.tif,1.0,512,512,0,0,0.0,0.0,East Asia,Asia,0.77,developing,0.0623130798339843,suburban
WHU_SatII_1_5427_full,images/WHU_SatII_1_5427_full.png,labels/WHU_SatII_1_5427_full.png,WHU_Satellite_II,1_5427.tif,1.0,512,512,0,0,0.0,0.0,East Asia,Asia,0.77,developing,0.0987319946289062,suburban
WHU_SatII_1_7336_full,images/WHU_SatII_1_7336_full.png,labels/WHU_SatII_1_7336_full.png,WHU_Satellite_II,1_7336.tif,1.0,512,512,0,0,0.0,0.0,East Asia,Asia,0.77,developing,0.0393829345703125,rural
WHU_SatII_2_831_full,images/WHU_SatII_2_831_full.png,labels/WHU_SatII_2_831_full.png,WHU_Satellite_II,2_831.tif,1.0,512,512,0,0,0.0,0.0,East Asia,Asia,0.77,developing,0.1944808959960937,urban_medium_density
WHU_SatII_2_1240_full,images/WHU_SatII_2_1240_full.png,labels/WHU_SatII_2_1240_full.png,WHU_Satellite_II,2_1240.tif,1.0,512,512,0,0,0.0,0.0,East Asia,Asia,0.77,developing,0.2642707824707031,urban_medium_density
WHU_SatII_1_1926_full,images/WHU_SatII_1_1926_full.png,labels/WHU_SatII_1_1926_full.png,WHU_Satellite_II,1_1926.tif,1.0,512,512,0,0,0.0,0.0,East Asia,Asia,0.77,developing,0.0396842956542968,rural
WHU_SatII_1_4669_full,images/WHU_SatII_1_4669_full.png,labels/WHU_SatII_1_4669_full.png,WHU_Satellite_II,1_4669.tif,1.0,512,512,0,0,0.0,0.0,East Asia,Asia,0.77,developing,0.014190673828125,rural
WHU_SatII_2_1556_full,images/WHU_SatII_2_1556_full.png,labels/WHU_SatII_2_1556_full.png,WHU_Satellite_II,2_1556.tif,1.0,512,512,0,0,0.0,0.0,East Asia,Asia,0.77,developing,0.0381393432617187,rural
WHU_SatII_2_2172_full,images/WHU_SatII_2_2172_full.png,labels/WHU_SatII_2_2172_full.png,WHU_Satellite_II,2_2172.tif,1.0,512,512,0,0,0.0,0.0,East Asia,Asia,0.77,developing,0.0646438598632812,suburban
WHU_SatII_1_7784_full,images/WHU_SatII_1_7784_full.png,labels/WHU_SatII_1_7784_full.png,WHU_Satellite_II,1_7784.tif,1.0,512,512,0,0,0.0,0.0,East Asia,Asia,0.77,developing,0.0490531921386718,rural
WHU_SatII_1_3178_full,images/WHU_SatII_1_3178_full.png,labels/WHU_SatII_1_3178_full.png,WHU_Satellite_II,1_3178.tif,1.0,512,512,0,0,0.0,0.0,East Asia,Asia,0.77,developing,0.0147972106933593,rural
WHU_SatII_2_1863_full,images/WHU_SatII_2_1863_full.png,labels/WHU_SatII_2_1863_full.png,WHU_Satellite_II,2_1863.tif,1.0,512,512,0,0,0.0,0.0,East Asia,Asia,0.77,developing,0.0159339904785156,rural
WHU_SatII_2_1454_full,images/WHU_SatII_2_1454_full.png,labels/WHU_SatII_2_1454_full.png,WHU_Satellite_II,2_1454.tif,1.0,512,512,0,0,0.0,0.0,East Asia,Asia,0.77,developing,0.0172042846679687,rural
WHU_SatII_2_3422_full,images/WHU_SatII_2_3422_full.png,labels/WHU_SatII_2_3422_full.png,WHU_Satellite_II,2_3422.tif,1.0,512,512,0,0,0.0,0.0,East Asia,Asia,0.77,developing,0.0613746643066406,suburban
WHU_SatII_1_1163_full,images/WHU_SatII_1_1163_full.png,labels/WHU_SatII_1_1163_full.png,WHU_Satellite_II,1_1163.tif,1.0,512,512,0,0,0.0,0.0,East Asia,Asia,0.77,developing,0.0127525329589843,rural
WHU_SatII_2_2106_full,images/WHU_SatII_2_2106_full.png,labels/WHU_SatII_2_2106_full.png,WHU_Satellite_II,2_2106.tif,1.0,512,512,0,0,0.0,0.0,East Asia,Asia,0.77,developing,0.137542724609375,suburban
WHU_SatII_1_1251_full,images/WHU_SatII_1_1251_full.png,labels/WHU_SatII_1_1251_full.png,WHU_Satellite_II,1_1251.tif,1.0,512,512,0,0,0.0,0.0,East Asia,Asia,0.77,developing,0.0409431457519531,rural
WHU_SatII_2_1035_full,images/WHU_SatII_2_1035_full.png,labels/WHU_SatII_2_1035_full.png,WHU_Satellite_II,2_1035.tif,1.0,512,512,0,0,0.0,0.0,East Asia,Asia,0.77,developing,0.0701789855957031,suburban
WHU_SatII_1_7298_full,images/WHU_SatII_1_7298_full.png,labels/WHU_SatII_1_7298_full.png,WHU_Satellite_II,1_7298.tif,1.0,512,512,0,0,0.0,0.0,East Asia,Asia,0.77,developing,0.0594940185546875,suburban
WHU_SatII_1_8256_full,images/WHU_SatII_1_8256_full.png,labels/WHU_SatII_1_8256_full.png,WHU_Satellite_II,1_8256.tif,1.0,512,512,0,0,0.0,0.0,East Asia,Asia,0.77,developing,0.0265083312988281,rural
WHU_SatII_2_3196_full,images/WHU_SatII_2_3196_full.png,labels/WHU_SatII_2_3196_full.png,WHU_Satellite_II,2_3196.tif,1.0,512,512,0,0,0.0,0.0,East Asia,Asia,0.77,developing,0.0463447570800781,rural
WHU_SatII_2_1339_full,images/WHU_SatII_2_1339_full.png,labels/WHU_SatII_2_1339_full.png,WHU_Satellite_II,2_1339.tif,1.0,512,512,0,0,0.0,0.0,East Asia,Asia,0.77,developing,0.0114860534667968,rural
WHU_SatII_1_32_full,images/WHU_SatII_1_32_full.png,labels/WHU_SatII_1_32_full.png,WHU_Satellite_II,1_32.tif,1.0,512,512,0,0,0.0,0.0,East Asia,Asia,0.77,developing,0.0208625793457031,rural
WHU_SatII_1_1179_full,images/WHU_SatII_1_1179_full.png,labels/WHU_SatII_1_1179_full.png,WHU_Satellite_II,1_1179.tif,1.0,512,512,0,0,0.0,0.0,East Asia,Asia,0.77,developing,0.0147972106933593,rural
WHU_SatII_1_7231_full,images/WHU_SatII_1_7231_full.png,labels/WHU_SatII_1_7231_full.png,WHU_Satellite_II,1_7231.tif,1.0,512,512,0,0,0.0,0.0,East Asia,Asia,0.77,developing,0.0268516540527343,rural
WHU_SatII_1_2152_full,images/WHU_SatII_1_2152_full.png,labels/WHU_SatII_1_2152_full.png,WHU_Satellite_II,1_2152.tif,1.0,512,512,0,0,0.0,0.0,East Asia,Asia,0.77,developing,0.0113945007324218,rural
WHU_SatII_2_2376_full,images/WHU_SatII_2_2376_full.png,labels/WHU_SatII_2_2376_full.png,WHU_Satellite_II,2_2376.tif,1.0,512,512,0,0,0.0,0.0,East Asia,Asia,0.77,developing,0.05108642578125,suburban
WHU_SatII_2_865_full,images/WHU_SatII_2_865_full.png,labels/WHU_SatII_2_865_full.png,WHU_Satellite_II,2_865.tif,1.0,512,512,0,0,0.0,0.0,East Asia,Asia,0.77,developing,0.0331840515136718,rural
WHU_SatII_2_3158_full,images/WHU_SatII_2_3158_full.png,labels/WHU_SatII_2_3158_full.png,WHU_Satellite_II,2_3158.tif,1.0,512,512,0,0,0.0,0.0,East Asia,Asia,0.77,developing,0.12091064453125,suburban
WHU_SatII_1_9852_full,images/WHU_SatII_1_9852_full.png,labels/WHU_SatII_1_9852_full.png,WHU_Satellite_II,1_9852.tif,1.0,512,512,0,0,0.0,0.0,East Asia,Asia,0.77,developing,0.0334243774414062,rural
WHU_SatII_2_3350_full,images/WHU_SatII_2_3350_full.png,labels/WHU_SatII_2_3350_full.png,WHU_Satellite_II,2_3350.tif,1.0,512,512,0,0,0.0,0.0,East Asia,Asia,0.77,developing,0.2131385803222656,urban_medium_density
WHU_SatII_1_6379_full,images/WHU_SatII_1_6379_full.png,labels/WHU_SatII_1_6379_full.png,WHU_Satellite_II,1_6379.tif,1.0,512,512,0,0,0.0,0.0,East Asia,Asia,0.77,developing,0.0346717834472656,rural
WHU_SatII_2_420_full,images/WHU_SatII_2_420_full.png,labels/WHU_SatII_2_420_full.png,WHU_Satellite_II,2_420.tif,1.0,512,512,0,0,0.0,0.0,East Asia,Asia,0.77,developing,0.1040763854980468,suburban
WHU_SatII_2_1103_full,images/WHU_SatII_2_1103_full.png,labels/WHU_SatII_2_1103_full.png,WHU_Satellite_II,2_1103.tif,1.0,512,512,0,0,0.0,0.0,East Asia,Asia,0.77,developing,0.1193046569824218,suburban
WHU_SatII_2_2710_full,images/WHU_SatII_2_2710_full.png,labels/WHU_SatII_2_2710_full.png,WHU_Satellite_II,2_2710.tif,1.0,512,512,0,0,0.0,0.0,East Asia,Asia,0.77,developing,0.0256004333496093,rural
WHU_SatII_1_1267_full,images/WHU_SatII_1_1267_full.png,labels/WHU_SatII_1_1267_full.png,WHU_Satellite_II,1_1267.tif,1.0,512,512,0,0,0.0,0.0,East Asia,Asia,0.77,developing,0.0218353271484375,rural
WHU_SatII_2_3154_full,images/WHU_SatII_2_3154_full.png,labels/WHU_SatII_2_3154_full.png,WHU_Satellite_II,2_3154.tif,1.0,512,512,0,0,0.0,0.0,East Asia,Asia,0.77,developing,0.2802391052246094,urban_medium_density
WHU_SatII_1_7591_full,images/WHU_SatII_1_7591_full.png,labels/WHU_SatII_1_7591_full.png,WHU_Satellite_II,1_7591.tif,1.0,512,512,0,0,0.0,0.0,East Asia,Asia,0.77,developing,0.018890380859375,rural
WHU_SatII_1_197_full,images/WHU_SatII_1_197_full.png,labels/WHU_SatII_1_197_full.png,WHU_Satellite_II,1_197.tif,1.0,512,512,0,0,0.0,0.0,East Asia,Asia,0.77,developing,0.0203170776367187,rural
WHU_SatII_1_6942_full,images/WHU_SatII_1_6942_full.png,labels/WHU_SatII_1_6942_full.png,WHU_Satellite_II,1_6942.tif,1.0,512,512,0,0,0.0,0.0,East Asia,Asia,0.77,developing,0.0318679809570312,rural
WHU_SatII_2_2318_full,images/WHU_SatII_2_2318_full.png,labels/WHU_SatII_2_2318_full.png,WHU_Satellite_II,2_2318.tif,1.0,512,512,0,0,0.0,0.0,East Asia,Asia,0.77,developing,0.0535087585449218,suburban
WHU_SatII_2_3235_full,images/WHU_SatII_2_3235_full.png,labels/WHU_SatII_2_3235_full.png,WHU_Satellite_II,2_3235.tif,1.0,512,512,0,0,0.0,0.0,East Asia,Asia,0.77,developing,0.0183525085449218,rural
WHU_SatII_2_2786_full,images/WHU_SatII_2_2786_full.png,labels/WHU_SatII_2_2786_full.png,WHU_Satellite_II,2_2786.tif,1.0,512,512,0,0,0.0,0.0,East Asia,Asia,0.77,developing,0.0103111267089843,rural
WHU_SatII_2_2490_full,images/WHU_SatII_2_2490_full.png,labels/WHU_SatII_2_2490_full.png,WHU_Satellite_II,2_2490.tif,1.0,512,512,0,0,0.0,0.0,East Asia,Asia,0.77,developing,0.0813369750976562,suburban
WHU_SatII_2_174_full,images/WHU_SatII_2_174_full.png,labels/WHU_SatII_2_174_full.png,WHU_Satellite_II,2_174.tif,1.0,512,512,0,0,0.0,0.0,East Asia,Asia,0.77,developing,0.1308135986328125,suburban
WHU_SatII_2_419_full,images/WHU_SatII_2_419_full.png,labels/WHU_SatII_2_419_full.png,WHU_Satellite_II,2_419.tif,1.0,512,512,0,0,0.0,0.0,East Asia,Asia,0.77,developing,0.1439056396484375,suburban
WHU_SatII_1_6363_full,images/WHU_SatII_1_6363_full.png,labels/WHU_SatII_1_6363_full.png,WHU_Satellite_II,1_6363.tif,1.0,512,512,0,0,0.0,0.0,East Asia,Asia,0.77,developing,0.0840606689453125,suburban
WHU_SatII_1_9846_full,images/WHU_SatII_1_9846_full.png,labels/WHU_SatII_1_9846_full.png,WHU_Satellite_II,1_9846.tif,1.0,512,512,0,0,0.0,0.0,East Asia,Asia,0.77,developing,0.0128898620605468,rural
WHU_SatII_1_1957_full,images/WHU_SatII_1_1957_full.png,labels/WHU_SatII_1_1957_full.png,WHU_Satellite_II,1_1957.tif,1.0,512,512,0,0,0.0,0.0,East Asia,Asia,0.77,developing,0.0172767639160156,rural
WHU_SatII_1_313_full,images/WHU_SatII_1_313_full.png,labels/WHU_SatII_1_313_full.png,WHU_Satellite_II,1_313.tif,1.0,512,512,0,0,0.0,0.0,East Asia,Asia,0.77,developing,0.0225296020507812,rural
WHU_SatII_1_6491_full,images/WHU_SatII_1_6491_full.png,labels/WHU_SatII_1_6491_full.png,WHU_Satellite_II,1_6491.tif,1.0,512,512,0,0,0.0,0.0,East Asia,Asia,0.77,developing,0.0437812805175781,rural
WHU_SatII_1_7753_full,images/WHU_SatII_1_7753_full.png,labels/WHU_SatII_1_7753_full.png,WHU_Satellite_II,1_7753.tif,1.0,512,512,0,0,0.0,0.0,East Asia,Asia,0.77,developing,0.0332679748535156,rural
WHU_SatII_2_1040_full,images/WHU_SatII_2_1040_full.png,labels/WHU_SatII_2_1040_full.png,WHU_Satellite_II,2_1040.tif,1.0,512,512,0,0,0.0,0.0,East Asia,Asia,0.77,developing,0.197479248046875,urban_medium_density
WHU_SatII_1_3640_full,images/WHU_SatII_1_3640_full.png,labels/WHU_SatII_1_3640_full.png,WHU_Satellite_II,1_3640.tif,1.0,512,512,0,0,0.0,0.0,East Asia,Asia,0.77,developing,0.0471954345703125,rural
WHU_SatII_1_2878_full,images/WHU_SatII_1_2878_full.png,labels/WHU_SatII_1_2878_full.png,WHU_Satellite_II,1_2878.tif,1.0,512,512,0,0,0.0,0.0,East Asia,Asia,0.77,developing,0.0191383361816406,rural
WHU_SatII_1_7198_full,images/WHU_SatII_1_7198_full.png,labels/WHU_SatII_1_7198_full.png,WHU_Satellite_II,1_7198.tif,1.0,512,512,0,0,0.0,0.0,East Asia,Asia,0.77,developing,0.0406990051269531,rural
WHU_SatII_1_3625_full,images/WHU_SatII_1_3625_full.png,labels/WHU_SatII_1_3625_full.png,WHU_Satellite_II,1_3625.tif,1.0,512,512,0,0,0.0,0.0,East Asia,Asia,0.77,developing,0.02276611328125,rural
WHU_SatII_2_93_full,images/WHU_SatII_2_93_full.png,labels/WHU_SatII_2_93_full.png,WHU_Satellite_II,2_93.tif,1.0,512,512,0,0,0.0,0.0,East Asia,Asia,0.77,developing,0.1987876892089843,urban_medium_density
WHU_SatII_2_1859_full,images/WHU_SatII_2_1859_full.png,labels/WHU_SatII_2_1859_full.png,WHU_Satellite_II,2_1859.tif,1.0,512,512,0,0,0.0,0.0,East Asia,Asia,0.77,developing,0.0218734741210937,rural
WHU_SatII_1_6741_full,images/WHU_SatII_1_6741_full.png,labels/WHU_SatII_1_6741_full.png,WHU_Satellite_II,1_6741.tif,1.0,512,512,0,0,0.0,0.0,East Asia,Asia,0.77,developing,0.0127601623535156,rural
WHU_SatII_1_8714_full,images/WHU_SatII_1_8714_full.png,labels/WHU_SatII_1_8714_full.png,WHU_Satellite_II,1_8714.tif,1.0,512,512,0,0,0.0,0.0,East Asia,Asia,0.77,developing,0.018402099609375,rural
WHU_SatII_1_1277_full,images/WHU_SatII_1_1277_full.png,labels/WHU_SatII_1_1277_full.png,WHU_Satellite_II,1_1277.tif,1.0,512,512,0,0,0.0,0.0,East Asia,Asia,0.77,developing,0.1780014038085937,urban_medium_density
WHU_SatII_2_2937_full,images/WHU_SatII_2_2937_full.png,labels/WHU_SatII_2_2937_full.png,WHU_Satellite_II,2_2937.tif,1.0,512,512,0,0,0.0,0.0,East Asia,Asia,0.77,developing,0.0229873657226562,rural
WHU_SatII_2_3010_full,images/WHU_SatII_2_3010_full.png,labels/WHU_SatII_2_3010_full.png,WHU_Satellite_II,2_3010.tif,1.0,512,512,0,0,0.0,0.0,East Asia,Asia,0.77,developing,0.064666748046875,suburban
WHU_SatII_1_5240_full,images/WHU_SatII_1_5240_full.png,labels/WHU_SatII_1_5240_full.png,WHU_Satellite_II,1_5240.tif,1.0,512,512,0,0,0.0,0.0,East Asia,Asia,0.77,developing,0.0166549682617187,rural
WHU_SatII_1_163_full,images/WHU_SatII_1_163_full.png,labels/WHU_SatII_1_163_full.png,WHU_Satellite_II,1_163.tif,1.0,512,512,0,0,0.0,0.0,East Asia,Asia,0.77,developing,0.0164146423339843,rural
WHU_SatII_2_2642_full,images/WHU_SatII_2_2642_full.png,labels/WHU_SatII_2_2642_full.png,WHU_Satellite_II,2_2642.tif,1.0,512,512,0,0,0.0,0.0,East Asia,Asia,0.77,developing,0.1213417053222656,suburban
WHU_SatII_1_1149_full,images/WHU_SatII_1_1149_full.png,labels/WHU_SatII_1_1149_full.png,WHU_Satellite_II,1_1149.tif,1.0,512,512,0,0,0.0,0.0,East Asia,Asia,0.77,developing,0.0147056579589843,rural
WHU_SatII_2_2189_full,images/WHU_SatII_2_2189_full.png,labels/WHU_SatII_2_2189_full.png,WHU_Satellite_II,2_2189.tif,1.0,512,512,0,0,0.0,0.0,East Asia,Asia,0.77,developing,0.0160408020019531,rural
WHU_SatII_2_2622_full,images/WHU_SatII_2_2622_full.png,labels/WHU_SatII_2_2622_full.png,WHU_Satellite_II,2_2622.tif,1.0,512,512,0,0,0.0,0.0,East Asia,Asia,0.77,developing,0.0537796020507812,suburban
WHU_SatII_2_3062_full,images/WHU_SatII_2_3062_full.png,labels/WHU_SatII_2_3062_full.png,WHU_Satellite_II,2_3062.tif,1.0,512,512,0,0,0.0,0.0,East Asia,Asia,0.77,developing,0.0159912109375,rural
WHU_SatII_1_6554_full,images/WHU_SatII_1_6554_full.png,labels/WHU_SatII_1_6554_full.png,WHU_Satellite_II,1_6554.tif,1.0,512,512,0,0,0.0,0.0,East Asia,Asia,0.77,developing,0.1175537109375,suburban
WHU_SatII_2_3115_full,images/WHU_SatII_2_3115_full.png,labels/WHU_SatII_2_3115_full.png,WHU_Satellite_II,2_3115.tif,1.0,512,512,0,0,0.0,0.0,East Asia,Asia,0.77,developing,0.0422134399414062,rural
WHU_SatII_2_98_full,images/WHU_SatII_2_98_full.png,labels/WHU_SatII_2_98_full.png,WHU_Satellite_II,2_98.tif,1.0,512,512,0,0,0.0,0.0,East Asia,Asia,0.77,developing,0.1177177429199218,suburban
WHU_SatII_1_1649_full,images/WHU_SatII_1_1649_full.png,labels/WHU_SatII_1_1649_full.png,WHU_Satellite_II,1_1649.tif,1.0,512,512,0,0,0.0,0.0,East Asia,Asia,0.77,developing,0.1483573913574218,suburban
WHU_SatII_1_5894_full,images/WHU_SatII_1_5894_full.png,labels/WHU_SatII_1_5894_full.png,WHU_Satellite_II,1_5894.tif,1.0,512,512,0,0,0.0,0.0,East Asia,Asia,0.77,developing,0.0927238464355468,suburban
WHU_SatII_2_1008_full,images/WHU_SatII_2_1008_full.png,labels/WHU_SatII_2_1008_full.png,WHU_Satellite_II,2_1008.tif,1.0,512,512,0,0,0.0,0.0,East Asia,Asia,0.77,developing,0.0103874206542968,rural
WHU_SatII_1_1836_full,images/WHU_SatII_1_1836_full.png,labels/WHU_SatII_1_1836_full.png,WHU_Satellite_II,1_1836.tif,1.0,512,512,0,0,0.0,0.0,East Asia,Asia,0.77,developing,0.0832557678222656,suburban
WHU_SatII_2_2952_full,images/WHU_SatII_2_2952_full.png,labels/WHU_SatII_2_2952_full.png,WHU_Satellite_II,2_2952.tif,1.0,512,512,0,0,0.0,0.0,East Asia,Asia,0.77,developing,0.25030517578125,urban_medium_density
WHU_SatII_1_0_full,images/WHU_SatII_1_0_full.png,labels/WHU_SatII_1_0_full.png,WHU_Satellite_II,1_0.tif,1.0,512,512,0,0,0.0,0.0,East Asia,Asia,0.77,developing,0.0155982971191406,rural
WHU_SatII_1_4823_full,images/WHU_SatII_1_4823_full.png,labels/WHU_SatII_1_4823_full.png,WHU_Satellite_II,1_4823.tif,1.0,512,512,0,0,0.0,0.0,East Asia,Asia,0.77,developing,0.0327377319335937,rural
WHU_SatII_1_208_full,images/WHU_SatII_1_208_full.png,labels/WHU_SatII_1_208_full.png,WHU_Satellite_II,1_208.tif,1.0,512,512,0,0,0.0,0.0,East Asia,Asia,0.77,developing,0.0842170715332031,suburban
WHU_SatII_1_9569_full,images/WHU_SatII_1_9569_full.png,labels/WHU_SatII_1_9569_full.png,WHU_Satellite_II,1_9569.tif,1.0,512,512,0,0,0.0,0.0,East Asia,Asia,0.77,developing,0.1013298034667968,suburban
WHU_SatII_1_7964_full,images/WHU_SatII_1_7964_full.png,labels/WHU_SatII_1_7964_full.png,WHU_Satellite_II,1_7964.tif,1.0,512,512,0,0,0.0,0.0,East Asia,Asia,0.77,developing,0.0109443664550781,rural
WHU_SatII_1_6368_full,images/WHU_SatII_1_6368_full.png,labels/WHU_SatII_1_6368_full.png,WHU_Satellite_II,1_6368.tif,1.0,512,512,0,0,0.0,0.0,East Asia,Asia,0.77,developing,0.067138671875,suburban
WHU_SatII_1_2367_full,images/WHU_SatII_1_2367_full.png,labels/WHU_SatII_1_2367_full.png,WHU_Satellite_II,1_2367.tif,1.0,512,512,0,0,0.0,0.0,East Asia,Asia,0.77,developing,0.0578155517578125,suburban
WHU_SatII_1_7972_full,images/WHU_SatII_1_7972_full.png,labels/WHU_SatII_1_7972_full.png,WHU_Satellite_II,1_7972.tif,1.0,512,512,0,0,0.0,0.0,East Asia,Asia,0.77,developing,0.035736083984375,rural
WHU_SatII_1_6307_full,images/WHU_SatII_1_6307_full.png,labels/WHU_SatII_1_6307_full.png,WHU_Satellite_II,1_6307.tif,1.0,512,512,0,0,0.0,0.0,East Asia,Asia,0.77,developing,0.0201377868652343,rural
WHU_SatII_1_3003_full,images/WHU_SatII_1_3003_full.png,labels/WHU_SatII_1_3003_full.png,WHU_Satellite_II,1_3003.tif,1.0,512,512,0,0,0.0,0.0,East Asia,Asia,0.77,developing,0.0311508178710937,rural
WHU_SatII_2_3248_full,images/WHU_SatII_2_3248_full.png,labels/WHU_SatII_2_3248_full.png,WHU_Satellite_II,2_3248.tif,1.0,512,512,0,0,0.0,0.0,East Asia,Asia,0.77,developing,0.0130577087402343,rural
WHU_SatII_1_1088_full,images/WHU_SatII_1_1088_full.png,labels/WHU_SatII_1_1088_full.png,WHU_Satellite_II,1_1088.tif,1.0,512,512,0,0,0.0,0.0,East Asia,Asia,0.77,developing,0.1310577392578125,suburban
WHU_SatII_2_74_full,images/WHU_SatII_2_74_full.png,labels/WHU_SatII_2_74_full.png,WHU_Satellite_II,2_74.tif,1.0,512,512,0,0,0.0,0.0,East Asia,Asia,0.77,developing,0.0459823608398437,rural
WHU_SatII_2_3358_full,images/WHU_SatII_2_3358_full.png,labels/WHU_SatII_2_3358_full.png,WHU_Satellite_II,2_3358.tif,1.0,512,512,0,0,0.0,0.0,East Asia,Asia,0.77,developing,0.0556182861328125,suburban
WHU_SatII_1_1030_full,images/WHU_SatII_1_1030_full.png,labels/WHU_SatII_1_1030_full.png,WHU_Satellite_II,1_1030.tif,1.0,512,512,0,0,0.0,0.0,East Asia,Asia,0.77,developing,0.0467262268066406,rural
WHU_SatII_1_1400_full,images/WHU_SatII_1_1400_full.png,labels/WHU_SatII_1_1400_full.png,WHU_Satellite_II,1_1400.tif,1.0,512,512,0,0,0.0,0.0,East Asia,Asia,0.77,developing,0.0467033386230468,rural
WHU_SatII_1_214_full,images/WHU_SatII_1_214_full.png,labels/WHU_SatII_1_214_full.png,WHU_Satellite_II,1_214.tif,1.0,512,512,0,0,0.0,0.0,East Asia,Asia,0.77,developing,0.0273284912109375,rural
WHU_SatII_1_1988_full,images/WHU_SatII_1_1988_full.png,labels/WHU_SatII_1_1988_full.png,WHU_Satellite_II,1_1988.tif,1.0,512,512,0,0,0.0,0.0,East Asia,Asia,0.77,developing,0.0668106079101562,suburban
WHU_SatII_2_2893_full,images/WHU_SatII_2_2893_full.png,labels/WHU_SatII_2_2893_full.png,WHU_Satellite_II,2_2893.tif,1.0,512,512,0,0,0.0,0.0,East Asia,Asia,0.77,developing,0.2150955200195312,urban_medium_density
WHU_SatII_1_3972_full,images/WHU_SatII_1_3972_full.png,labels/WHU_SatII_1_3972_full.png,WHU_Satellite_II,1_3972.tif,1.0,512,512,0,0,0.0,0.0,East Asia,Asia,0.77,developing,0.0410690307617187,rural
WHU_SatII_1_1646_full,images/WHU_SatII_1_1646_full.png,labels/WHU_SatII_1_1646_full.png,WHU_Satellite_II,1_1646.tif,1.0,512,512,0,0,0.0,0.0,East Asia,Asia,0.77,developing,0.0910415649414062,suburban
WHU_SatII_2_2647_full,images/WHU_SatII_2_2647_full.png,labels/WHU_SatII_2_2647_full.png,WHU_Satellite_II,2_2647.tif,1.0,512,512,0,0,0.0,0.0,East Asia,Asia,0.77,developing,0.0280914306640625,rural
WHU_SatII_1_2191_full,images/WHU_SatII_1_2191_full.png,labels/WHU_SatII_1_2191_full.png,WHU_Satellite_II,1_2191.tif,1.0,512,512,0,0,0.0,0.0,East Asia,Asia,0.77,developing,0.0792579650878906,suburban
WHU_SatII_2_359_full,images/WHU_SatII_2_359_full.png,labels/WHU_SatII_2_359_full.png,WHU_Satellite_II,2_359.tif,1.0,512,512,0,0,0.0,0.0,East Asia,Asia,0.77,developing,0.1561927795410156,urban_medium_density
WHU_SatII_1_1814_full,images/WHU_SatII_1_1814_full.png,labels/WHU_SatII_1_1814_full.png,WHU_Satellite_II,1_1814.tif,1.0,512,512,0,0,0.0,0.0,East Asia,Asia,0.77,developing,0.1174697875976562,suburban
WHU_SatII_1_3203_full,images/WHU_SatII_1_3203_full.png,labels/WHU_SatII_1_3203_full.png,WHU_Satellite_II,1_3203.tif,1.0,512,512,0,0,0.0,0.0,East Asia,Asia,0.77,developing,0.0268592834472656,rural
WHU_SatII_2_2886_full,images/WHU_SatII_2_2886_full.png,labels/WHU_SatII_2_2886_full.png,WHU_Satellite_II,2_2886.tif,1.0,512,512,0,0,0.0,0.0,East Asia,Asia,0.77,developing,0.0434684753417968,rural
WHU_SatII_2_381_full,images/WHU_SatII_2_381_full.png,labels/WHU_SatII_2_381_full.png,WHU_Satellite_II,2_381.tif,1.0,512,512,0,0,0.0,0.0,East Asia,Asia,0.77,developing,0.3062782287597656,urban_high_density
WHU_SatII_1_6367_full,images/WHU_SatII_1_6367_full.png,labels/WHU_SatII_1_6367_full.png,WHU_Satellite_II,1_6367.tif,1.0,512,512,0,0,0.0,0.0,East Asia,Asia,0.77,developing,0.0316581726074218,rural
WHU_SatII_2_2410_full,images/WHU_SatII_2_2410_full.png,labels/WHU_SatII_2_2410_full.png,WHU_Satellite_II,2_2410.tif,1.0,512,512,0,0,0.0,0.0,East Asia,Asia,0.77,developing,0.038482666015625,rural
WHU_SatII_2_1373_full,images/WHU_SatII_2_1373_full.png,labels/WHU_SatII_2_1373_full.png,WHU_Satellite_II,2_1373.tif,1.0,512,512,0,0,0.0,0.0,East Asia,Asia,0.77,developing,0.0351219177246093,rural
WHU_SatII_2_1371_full,images/WHU_SatII_2_1371_full.png,labels/WHU_SatII_2_1371_full.png,WHU_Satellite_II,2_1371.tif,1.0,512,512,0,0,0.0,0.0,East Asia,Asia,0.77,developing,0.1397895812988281,suburban
WHU_SatII_1_5083_full,images/WHU_SatII_1_5083_full.png,labels/WHU_SatII_1_5083_full.png,WHU_Satellite_II,1_5083.tif,1.0,512,512,0,0,0.0,0.0,East Asia,Asia,0.77,developing,0.0504913330078125,suburban
WHU_SatII_2_1779_full,images/WHU_SatII_2_1779_full.png,labels/WHU_SatII_2_1779_full.png,WHU_Satellite_II,2_1779.tif,1.0,512,512,0,0,0.0,0.0,East Asia,Asia,0.77,developing,0.020782470703125,rural
WHU_SatII_1_2710_full,images/WHU_SatII_1_2710_full.png,labels/WHU_SatII_1_2710_full.png,WHU_Satellite_II,1_2710.tif,1.0,512,512,0,0,0.0,0.0,East Asia,Asia,0.77,developing,0.0100631713867187,rural
WHU_SatII_2_1023_full,images/WHU_SatII_2_1023_full.png,labels/WHU_SatII_2_1023_full.png,WHU_Satellite_II,2_1023.tif,1.0,512,512,0,0,0.0,0.0,East Asia,Asia,0.77,developing,0.2727890014648437,urban_medium_density
WHU_SatII_1_2144_full,images/WHU_SatII_1_2144_full.png,labels/WHU_SatII_1_2144_full.png,WHU_Satellite_II,1_2144.tif,1.0,512,512,0,0,0.0,0.0,East Asia,Asia,0.77,developing,0.0794029235839843,suburban
WHU_SatII_2_2234_full,images/WHU_SatII_2_2234_full.png,labels/WHU_SatII_2_2234_full.png,WHU_Satellite_II,2_2234.tif,1.0,512,512,0,0,0.0,0.0,East Asia,Asia,0.77,developing,0.118743896484375,suburban
WHU_SatII_1_4183_full,images/WHU_SatII_1_4183_full.png,labels/WHU_SatII_1_4183_full.png,WHU_Satellite_II,1_4183.tif,1.0,512,512,0,0,0.0,0.0,East Asia,Asia,0.77,developing,0.0375480651855468,rural
WHU_SatII_1_2490_full,images/WHU_SatII_1_2490_full.png,labels/WHU_SatII_1_2490_full.png,WHU_Satellite_II,1_2490.tif,1.0,512,512,0,0,0.0,0.0,East Asia,Asia,0.77,developing,0.0123977661132812,rural
WHU_SatII_2_2928_full,images/WHU_SatII_2_2928_full.png,labels/WHU_SatII_2_2928_full.png,WHU_Satellite_II,2_2928.tif,1.0,512,512,0,0,0.0,0.0,East Asia,Asia,0.77,developing,0.0284652709960937,rural
WHU_SatII_1_4483_full,images/WHU_SatII_1_4483_full.png,labels/WHU_SatII_1_4483_full.png,WHU_Satellite_II,1_4483.tif,1.0,512,512,0,0,0.0,0.0,East Asia,Asia,0.77,developing,0.1184806823730468,suburban
WHU_SatII_2_2702_full,images/WHU_SatII_2_2702_full.png,labels/WHU_SatII_2_2702_full.png,WHU_Satellite_II,2_2702.tif,1.0,512,512,0,0,0.0,0.0,East Asia,Asia,0.77,developing,0.0252647399902343,rural
WHU_SatII_2_3112_full,images/WHU_SatII_2_3112_full.png,labels/WHU_SatII_2_3112_full.png,WHU_Satellite_II,2_3112.tif,1.0,512,512,0,0,0.0,0.0,East Asia,Asia,0.77,developing,0.0434188842773437,rural
WHU_SatII_2_1231_full,images/WHU_SatII_2_1231_full.png,labels/WHU_SatII_2_1231_full.png,WHU_Satellite_II,2_1231.tif,1.0,512,512,0,0,0.0,0.0,East Asia,Asia,0.77,developing,0.1994667053222656,urban_medium_density
WHU_SatII_1_3510_full,images/WHU_SatII_1_3510_full.png,labels/WHU_SatII_1_3510_full.png,WHU_Satellite_II,1_3510.tif,1.0,512,512,0,0,0.0,0.0,East Asia,Asia,0.77,developing,0.0268783569335937,rural
WHU_SatII_1_9548_full,images/WHU_SatII_1_9548_full.png,labels/WHU_SatII_1_9548_full.png,WHU_Satellite_II,1_9548.tif,1.0,512,512,0,0,0.0,0.0,East Asia,Asia,0.77,developing,0.0129623413085937,rural
WHU_SatII_1_1774_full,images/WHU_SatII_1_1774_full.png,labels/WHU_SatII_1_1774_full.png,WHU_Satellite_II,1_1774.tif,1.0,512,512,0,0,0.0,0.0,East Asia,Asia,0.77,developing,0.1033897399902343,suburban
WHU_SatII_2_176_full,images/WHU_SatII_2_176_full.png,labels/WHU_SatII_2_176_full.png,WHU_Satellite_II,2_176.tif,1.0,512,512,0,0,0.0,0.0,East Asia,Asia,0.77,developing,0.0644989013671875,suburban
WHU_SatII_2_834_full,images/WHU_SatII_2_834_full.png,labels/WHU_SatII_2_834_full.png,WHU_Satellite_II,2_834.tif,1.0,512,512,0,0,0.0,0.0,East Asia,Asia,0.77,developing,0.0334739685058593,rural
WHU_SatII_1_1551_full,images/WHU_SatII_1_1551_full.png,labels/WHU_SatII_1_1551_full.png,WHU_Satellite_II,1_1551.tif,1.0,512,512,0,0,0.0,0.0,East Asia,Asia,0.77,developing,0.0351104736328125,rural
WHU_SatII_1_3797_full,images/WHU_SatII_1_3797_full.png,labels/WHU_SatII_1_3797_full.png,WHU_Satellite_II,1_3797.tif,1.0,512,512,0,0,0.0,0.0,East Asia,Asia,0.77,developing,0.0504188537597656,suburban
WHU_SatII_1_7469_full,images/WHU_SatII_1_7469_full.png,labels/WHU_SatII_1_7469_full.png,WHU_Satellite_II,1_7469.tif,1.0,512,512,0,0,0.0,0.0,East Asia,Asia,0.77,developing,0.0118255615234375,rural
WHU_SatII_2_3328_full,images/WHU_SatII_2_3328_full.png,labels/WHU_SatII_2_3328_full.png,WHU_Satellite_II,2_3328.tif,1.0,512,512,0,0,0.0,0.0,East Asia,Asia,0.77,developing,0.0115280151367187,rural
WHU_SatII_2_2951_full,images/WHU_SatII_2_2951_full.png,labels/WHU_SatII_2_2951_full.png,WHU_Satellite_II,2_2951.tif,1.0,512,512,0,0,0.0,0.0,East Asia,Asia,0.77,developing,0.1316757202148437,suburban
WHU_SatII_2_1109_full,images/WHU_SatII_2_1109_full.png,labels/WHU_SatII_2_1109_full.png,WHU_Satellite_II,2_1109.tif,1.0,512,512,0,0,0.0,0.0,East Asia,Asia,0.77,developing,0.026702880859375,rural
WHU_SatII_2_33_full,images/WHU_SatII_2_33_full.png,labels/WHU_SatII_2_33_full.png,WHU_Satellite_II,2_33.tif,1.0,512,512,0,0,0.0,0.0,East Asia,Asia,0.77,developing,0.1578445434570312,urban_medium_density
WHU_SatII_2_1025_full,images/WHU_SatII_2_1025_full.png,labels/WHU_SatII_2_1025_full.png,WHU_Satellite_II,2_1025.tif,1.0,512,512,0,0,0.0,0.0,East Asia,Asia,0.77,developing,0.1263389587402343,suburban
WHU_SatII_1_709_full,images/WHU_SatII_1_709_full.png,labels/WHU_SatII_1_709_full.png,WHU_Satellite_II,1_709.tif,1.0,512,512,0,0,0.0,0.0,East Asia,Asia,0.77,developing,0.0292930603027343,rural
WHU_SatII_2_2534_full,images/WHU_SatII_2_2534_full.png,labels/WHU_SatII_2_2534_full.png,WHU_Satellite_II,2_2534.tif,1.0,512,512,0,0,0.0,0.0,East Asia,Asia,0.77,developing,0.0103073120117187,rural
WHU_SatII_2_1172_full,images/WHU_SatII_2_1172_full.png,labels/WHU_SatII_2_1172_full.png,WHU_Satellite_II,2_1172.tif,1.0,512,512,0,0,0.0,0.0,East Asia,Asia,0.77,developing,0.029998779296875,rural
WHU_SatII_1_1821_full,images/WHU_SatII_1_1821_full.png,labels/WHU_SatII_1_1821_full.png,WHU_Satellite_II,1_1821.tif,1.0,512,512,0,0,0.0,0.0,East Asia,Asia,0.77,developing,0.0633926391601562,suburban
WHU_SatII_1_2324_full,images/WHU_SatII_1_2324_full.png,labels/WHU_SatII_1_2324_full.png,WHU_Satellite_II,1_2324.tif,1.0,512,512,0,0,0.0,0.0,East Asia,Asia,0.77,developing,0.0106887817382812,rural
WHU_SatII_2_2502_full,images/WHU_SatII_2_2502_full.png,labels/WHU_SatII_2_2502_full.png,WHU_Satellite_II,2_2502.tif,1.0,512,512,0,0,0.0,0.0,East Asia,Asia,0.77,developing,0.101837158203125,suburban
WHU_SatII_1_8439_full,images/WHU_SatII_1_8439_full.png,labels/WHU_SatII_1_8439_full.png,WHU_Satellite_II,1_8439.tif,1.0,512,512,0,0,0.0,0.0,East Asia,Asia,0.77,developing,0.0117149353027343,rural
WHU_SatII_2_100_full,images/WHU_SatII_2_100_full.png,labels/WHU_SatII_2_100_full.png,WHU_Satellite_II,2_100.tif,1.0,512,512,0,0,0.0,0.0,East Asia,Asia,0.77,developing,0.0986213684082031,suburban
WHU_SatII_1_2146_full,images/WHU_SatII_1_2146_full.png,labels/WHU_SatII_1_2146_full.png,WHU_Satellite_II,1_2146.tif,1.0,512,512,0,0,0.0,0.0,East Asia,Asia,0.77,developing,0.0624847412109375,suburban
SpaceNet_AOI5_RGB-PanSharpen_AOI_5_Khartoum_img1329_0_0,images/SpaceNet_AOI5_RGB-PanSharpen_AOI_5_Khartoum_img1329_0_0.png,labels/SpaceNet_AOI5_RGB-PanSharpen_AOI_5_Khartoum_img1329_0_0.png,SpaceNet_AOI5,RGB-PanSharpen_AOI_5_Khartoum_img1329.tif,0.5,512,512,0,0,32.5604259,15.5831336999,Sudan,Africa,0.511,underdeveloped,0.1052780151367187,suburban
SpaceNet_AOI5_RGB-PanSharpen_AOI_5_Khartoum_img728_0_0,images/SpaceNet_AOI5_RGB-PanSharpen_AOI_5_Khartoum_img728_0_0.png,labels/SpaceNet_AOI5_RGB-PanSharpen_AOI_5_Khartoum_img728_0_0.png,SpaceNet_AOI5,RGB-PanSharpen_AOI_5_Khartoum_img728.tif,0.5,512,512,0,0,32.5498959,15.6550887,Sudan,Africa,0.511,underdeveloped,0.1883049011230468,urban_medium_density
SpaceNet_AOI5_RGB-PanSharpen_AOI_5_Khartoum_img592_0_0,images/SpaceNet_AOI5_RGB-PanSharpen_AOI_5_Khartoum_img592_0_0.png,labels/SpaceNet_AOI5_RGB-PanSharpen_AOI_5_Khartoum_img592_0_0.png,SpaceNet_AOI5,RGB-PanSharpen_AOI_5_Khartoum_img592.tif,0.5,512,512,0,0,32.546385900000004,15.6866787,Sudan,Africa,0.511,underdeveloped,0.0397071838378906,rural
SpaceNet_AOI5_RGB-PanSharpen_AOI_5_Khartoum_img1521_0_0,images/SpaceNet_AOI5_RGB-PanSharpen_AOI_5_Khartoum_img1521_0_0.png,labels/SpaceNet_AOI5_RGB-PanSharpen_AOI_5_Khartoum_img1521_0_0.png,SpaceNet_AOI5,RGB-PanSharpen_AOI_5_Khartoum_img1521.tif,0.5,512,512,0,0,32.563935900000004,15.5585636999,Sudan,Africa,0.511,underdeveloped,0.2385292053222656,urban_medium_density
SpaceNet_AOI5_RGB-PanSharpen_AOI_5_Khartoum_img1031_0_0,images/SpaceNet_AOI5_RGB-PanSharpen_AOI_5_Khartoum_img1031_0_0.png,labels/SpaceNet_AOI5_RGB-PanSharpen_AOI_5_Khartoum_img1031_0_0.png,SpaceNet_AOI5,RGB-PanSharpen_AOI_5_Khartoum_img1031.tif,0.5,512,512,0,0,32.555160900000004,15.6726387,Sudan,Africa,0.511,underdeveloped,0.1252861022949218,suburban
SpaceNet_AOI5_RGB-PanSharpen_AOI_5_Khartoum_img1509_0_0,images/SpaceNet_AOI5_RGB-PanSharpen_AOI_5_Khartoum_img1509_0_0.png,labels/SpaceNet_AOI5_RGB-PanSharpen_AOI_5_Khartoum_img1509_0_0.png,SpaceNet_AOI5,RGB-PanSharpen_AOI_5_Khartoum_img1509.tif,0.5,512,512,0,0,32.563935900000004,15.5375036999,Sudan,Africa,0.511,underdeveloped,0.3543167114257812,urban_high_density
SpaceNet_AOI5_RGB-PanSharpen_AOI_5_Khartoum_img510_0_0,images/SpaceNet_AOI5_RGB-PanSharpen_AOI_5_Khartoum_img510_0_0.png,labels/SpaceNet_AOI5_RGB-PanSharpen_AOI_5_Khartoum_img510_0_0.png,SpaceNet_AOI5,RGB-PanSharpen_AOI_5_Khartoum_img510.tif,0.5,512,512,0,0,32.5446309,15.6182337,Sudan,Africa,0.511,underdeveloped,0.0588150024414062,suburban
SpaceNet_AOI5_RGB-PanSharpen_AOI_5_Khartoum_img1508_0_0,images/SpaceNet_AOI5_RGB-PanSharpen_AOI_5_Khartoum_img1508_0_0.png,labels/SpaceNet_AOI5_RGB-PanSharpen_AOI_5_Khartoum_img1508_0_0.png,SpaceNet_AOI5,RGB-PanSharpen_AOI_5_Khartoum_img1508.tif,0.5,512,512,0,0,32.563935900000004,15.5357486999,Sudan,Africa,0.511,underdeveloped,0.2725753784179687,urban_medium_density
SpaceNet_AOI5_RGB-PanSharpen_AOI_5_Khartoum_img302_0_0,images/SpaceNet_AOI5_RGB-PanSharpen_AOI_5_Khartoum_img302_0_0.png,labels/SpaceNet_AOI5_RGB-PanSharpen_AOI_5_Khartoum_img302_0_0.png,SpaceNet_AOI5,RGB-PanSharpen_AOI_5_Khartoum_img302.tif,0.5,512,512,0,0,32.5253259,15.5427686999,Sudan,Africa,0.511,underdeveloped,0.0128631591796875,rural
SpaceNet_AOI5_RGB-PanSharpen_AOI_5_Khartoum_img574_0_0,images/SpaceNet_AOI5_RGB-PanSharpen_AOI_5_Khartoum_img574_0_0.png,labels/SpaceNet_AOI5_RGB-PanSharpen_AOI_5_Khartoum_img574_0_0.png,SpaceNet_AOI5,RGB-PanSharpen_AOI_5_Khartoum_img574.tif,0.5,512,512,0,0,32.546385900000004,15.6392937,Sudan,Africa,0.511,underdeveloped,0.1750106811523437,urban_medium_density
SpaceNet_AOI5_RGB-PanSharpen_AOI_5_Khartoum_img1654_0_0,images/SpaceNet_AOI5_RGB-PanSharpen_AOI_5_Khartoum_img1654_0_0.png,labels/SpaceNet_AOI5_RGB-PanSharpen_AOI_5_Khartoum_img1654_0_0.png,SpaceNet_AOI5,RGB-PanSharpen_AOI_5_Khartoum_img1654.tif,0.5,512,512,0,0,32.5656909,15.6322737,Sudan,Africa,0.511,underdeveloped,0.0294570922851562,rural
SpaceNet_AOI5_RGB-PanSharpen_AOI_5_Khartoum_img840_0_0,images/SpaceNet_AOI5_RGB-PanSharpen_AOI_5_Khartoum_img840_0_0.png,labels/SpaceNet_AOI5_RGB-PanSharpen_AOI_5_Khartoum_img840_0_0.png,SpaceNet_AOI5,RGB-PanSharpen_AOI_5_Khartoum_img840.tif,0.5,512,512,0,0,32.5516509,15.6919437,Sudan,Africa,0.511,underdeveloped,0.3480072021484375,urban_high_density
SpaceNet_AOI5_RGB-PanSharpen_AOI_5_Khartoum_img581_0_0,images/SpaceNet_AOI5_RGB-PanSharpen_AOI_5_Khartoum_img581_0_0.png,labels/SpaceNet_AOI5_RGB-PanSharpen_AOI_5_Khartoum_img581_0_0.png,SpaceNet_AOI5,RGB-PanSharpen_AOI_5_Khartoum_img581.tif,0.5,512,512,0,0,32.546385900000004,15.6515787,Sudan,Africa,0.511,underdeveloped,0.1841354370117187,urban_medium_density
SpaceNet_AOI5_RGB-PanSharpen_AOI_5_Khartoum_img251_0_0,images/SpaceNet_AOI5_RGB-PanSharpen_AOI_5_Khartoum_img251_0_0.png,labels/SpaceNet_AOI5_RGB-PanSharpen_AOI_5_Khartoum_img251_0_0.png,SpaceNet_AOI5,RGB-PanSharpen_AOI_5_Khartoum_img251.tif,0.5,512,512,0,0,32.5165509,15.5410136999,Sudan,Africa,0.511,underdeveloped,0.1501655578613281,urban_medium_density
SpaceNet_AOI5_RGB-PanSharpen_AOI_5_Khartoum_img672_0_0,images/SpaceNet_AOI5_RGB-PanSharpen_AOI_5_Khartoum_img672_0_0.png,labels/SpaceNet_AOI5_RGB-PanSharpen_AOI_5_Khartoum_img672_0_0.png,SpaceNet_AOI5,RGB-PanSharpen_AOI_5_Khartoum_img672.tif,0.5,512,512,0,0,32.5481409,15.7200237,Sudan,Africa,0.511,underdeveloped,0.0051155090332031,sparse
SpaceNet_AOI5_RGB-PanSharpen_AOI_5_Khartoum_img786_0_0,images/SpaceNet_AOI5_RGB-PanSharpen_AOI_5_Khartoum_img786_0_0.png,labels/SpaceNet_AOI5_RGB-PanSharpen_AOI_5_Khartoum_img786_0_0.png,SpaceNet_AOI5,RGB-PanSharpen_AOI_5_Khartoum_img786.tif,0.5,512,512,0,0,32.5516509,15.5515436999,Sudan,Africa,0.511,underdeveloped,0.0697364807128906,suburban
SpaceNet_AOI5_RGB-PanSharpen_AOI_5_Khartoum_img1096_0_0,images/SpaceNet_AOI5_RGB-PanSharpen_AOI_5_Khartoum_img1096_0_0.png,labels/SpaceNet_AOI5_RGB-PanSharpen_AOI_5_Khartoum_img1096_0_0.png,SpaceNet_AOI5,RGB-PanSharpen_AOI_5_Khartoum_img1096.tif,0.5,512,512,0,0,32.5569159,15.5603186999,Sudan,Africa,0.511,underdeveloped,0.0975189208984375,suburban
SpaceNet_AOI5_RGB-PanSharpen_AOI_5_Khartoum_img97_0_0,images/SpaceNet_AOI5_RGB-PanSharpen_AOI_5_Khartoum_img97_0_0.png,labels/SpaceNet_AOI5_RGB-PanSharpen_AOI_5_Khartoum_img97_0_0.png,SpaceNet_AOI5,RGB-PanSharpen_AOI_5_Khartoum_img97.tif,0.5,512,512,0,0,32.502510900000004,15.5392586999,Sudan,Africa,0.511,underdeveloped,0.010650634765625,rural
SpaceNet_AOI5_RGB-PanSharpen_AOI_5_Khartoum_img723_0_0,images/SpaceNet_AOI5_RGB-PanSharpen_AOI_5_Khartoum_img723_0_0.png,labels/SpaceNet_AOI5_RGB-PanSharpen_AOI_5_Khartoum_img723_0_0.png,SpaceNet_AOI5,RGB-PanSharpen_AOI_5_Khartoum_img723.tif,0.5,512,512,0,0,32.5498959,15.6463137,Sudan,Africa,0.511,underdeveloped,0.314422607421875,urban_high_density
SpaceNet_AOI5_RGB-PanSharpen_AOI_5_Khartoum_img115_0_0,images/SpaceNet_AOI5_RGB-PanSharpen_AOI_5_Khartoum_img115_0_0.png,labels/SpaceNet_AOI5_RGB-PanSharpen_AOI_5_Khartoum_img115_0_0.png,SpaceNet_AOI5,RGB-PanSharpen_AOI_5_Khartoum_img115.tif,0.5,512,512,0,0,32.5042659,15.5322386999,Sudan,Africa,0.511,underdeveloped,0.2759666442871094,urban_medium_density
SpaceNet_AOI5_RGB-PanSharpen_AOI_5_Khartoum_img642_0_0,images/SpaceNet_AOI5_RGB-PanSharpen_AOI_5_Khartoum_img642_0_0.png,labels/SpaceNet_AOI5_RGB-PanSharpen_AOI_5_Khartoum_img642_0_0.png,SpaceNet_AOI5,RGB-PanSharpen_AOI_5_Khartoum_img642.tif,0.5,512,512,0,0,32.5481409,15.6392937,Sudan,Africa,0.511,underdeveloped,0.4034309387207031,urban_high_density
SpaceNet_AOI5_RGB-PanSharpen_AOI_5_Khartoum_img637_0_0,images/SpaceNet_AOI5_RGB-PanSharpen_AOI_5_Khartoum_img637_0_0.png,labels/SpaceNet_AOI5_RGB-PanSharpen_AOI_5_Khartoum_img637_0_0.png,SpaceNet_AOI5,RGB-PanSharpen_AOI_5_Khartoum_img637.tif,0.5,512,512,0,0,32.5481409,15.6305187,Sudan,Africa,0.511,underdeveloped,0.3272361755371094,urban_high_density
SpaceNet_AOI5_RGB-PanSharpen_AOI_5_Khartoum_img336_0_0,images/SpaceNet_AOI5_RGB-PanSharpen_AOI_5_Khartoum_img336_0_0.png,labels/SpaceNet_AOI5_RGB-PanSharpen_AOI_5_Khartoum_img336_0_0.png,SpaceNet_AOI5,RGB-PanSharpen_AOI_5_Khartoum_img336.tif,0.5,512,512,0,0,32.5323459,15.6305187,Sudan,Africa,0.511,underdeveloped,0.0054893493652343,sparse
SpaceNet_AOI5_RGB-PanSharpen_AOI_5_Khartoum_img484_0_0,images/SpaceNet_AOI5_RGB-PanSharpen_AOI_5_Khartoum_img484_0_0.png,labels/SpaceNet_AOI5_RGB-PanSharpen_AOI_5_Khartoum_img484_0_0.png,SpaceNet_AOI5,RGB-PanSharpen_AOI_5_Khartoum_img484.tif,0.5,512,512,0,0,32.5428759,15.6515787,Sudan,Africa,0.511,underdeveloped,0.3107490539550781,urban_high_density
SpaceNet_AOI5_RGB-PanSharpen_AOI_5_Khartoum_img1130_0_0,images/SpaceNet_AOI5_RGB-PanSharpen_AOI_5_Khartoum_img1130_0_0.png,labels/SpaceNet_AOI5_RGB-PanSharpen_AOI_5_Khartoum_img1130_0_0.png,SpaceNet_AOI5,RGB-PanSharpen_AOI_5_Khartoum_img1130.tif,0.5,512,512,0,0,32.5569159,15.6515787,Sudan,Africa,0.511,underdeveloped,0.431243896484375,urban_high_density
SpaceNet_AOI5_RGB-PanSharpen_AOI_5_Khartoum_img241_0_0,images/SpaceNet_AOI5_RGB-PanSharpen_AOI_5_Khartoum_img241_0_0.png,labels/SpaceNet_AOI5_RGB-PanSharpen_AOI_5_Khartoum_img241_0_0.png,SpaceNet_AOI5,RGB-PanSharpen_AOI_5_Khartoum_img241.tif,0.5,512,512,0,0,32.5147959,15.5427686999,Sudan,Africa,0.511,underdeveloped,0.0310478210449218,rural
SpaceNet_AOI5_RGB-PanSharpen_AOI_5_Khartoum_img1209_0_0,images/SpaceNet_AOI5_RGB-PanSharpen_AOI_5_Khartoum_img1209_0_0.png,labels/SpaceNet_AOI5_RGB-PanSharpen_AOI_5_Khartoum_img1209_0_0.png,SpaceNet_AOI5,RGB-PanSharpen_AOI_5_Khartoum_img1209.tif,0.5,512,512,0,0,32.5586709,15.5673386999,Sudan,Africa,0.511,underdeveloped,0.1004981994628906,suburban
SpaceNet_AOI5_RGB-PanSharpen_AOI_5_Khartoum_img1681_0_0,images/SpaceNet_AOI5_RGB-PanSharpen_AOI_5_Khartoum_img1681_0_0.png,labels/SpaceNet_AOI5_RGB-PanSharpen_AOI_5_Khartoum_img1681_0_0.png,SpaceNet_AOI5,RGB-PanSharpen_AOI_5_Khartoum_img1681.tif,0.5,512,512,0,0,32.5656909,15.7252887,Sudan,Africa,0.511,underdeveloped,0.0063056945800781,sparse
SpaceNet_AOI5_RGB-PanSharpen_AOI_5_Khartoum_img1420_0_0,images/SpaceNet_AOI5_RGB-PanSharpen_AOI_5_Khartoum_img1420_0_0.png,labels/SpaceNet_AOI5_RGB-PanSharpen_AOI_5_Khartoum_img1420_0_0.png,SpaceNet_AOI5,RGB-PanSharpen_AOI_5_Khartoum_img1420.tif,0.5,512,512,0,0,32.5621809,15.5568086999,Sudan,Africa,0.511,underdeveloped,0.4970207214355469,urban_high_density
SpaceNet_AOI5_RGB-PanSharpen_AOI_5_Khartoum_img1603_0_0,images/SpaceNet_AOI5_RGB-PanSharpen_AOI_5_Khartoum_img1603_0_0.png,labels/SpaceNet_AOI5_RGB-PanSharpen_AOI_5_Khartoum_img1603_0_0.png,SpaceNet_AOI5,RGB-PanSharpen_AOI_5_Khartoum_img1603.tif,0.5,512,512,0,0,32.5656909,15.5322386999,Sudan,Africa,0.511,underdeveloped,0.0468101501464843,rural
SpaceNet_AOI5_RGB-PanSharpen_AOI_5_Khartoum_img1545_0_0,images/SpaceNet_AOI5_RGB-PanSharpen_AOI_5_Khartoum_img1545_0_0.png,labels/SpaceNet_AOI5_RGB-PanSharpen_AOI_5_Khartoum_img1545_0_0.png,SpaceNet_AOI5,RGB-PanSharpen_AOI_5_Khartoum_img1545.tif,0.5,512,512,0,0,32.563935900000004,15.6006837,Sudan,Africa,0.511,underdeveloped,0.1223526000976562,suburban
SpaceNet_AOI5_RGB-PanSharpen_AOI_5_Khartoum_img1579_0_0,images/SpaceNet_AOI5_RGB-PanSharpen_AOI_5_Khartoum_img1579_0_0.png,labels/SpaceNet_AOI5_RGB-PanSharpen_AOI_5_Khartoum_img1579_0_0.png,SpaceNet_AOI5,RGB-PanSharpen_AOI_5_Khartoum_img1579.tif,0.5,512,512,0,0,32.563935900000004,15.6708837,Sudan,Africa,0.511,underdeveloped,0.5276603698730469,urban_high_density
SpaceNet_AOI5_RGB-PanSharpen_AOI_5_Khartoum_img915_0_0,images/SpaceNet_AOI5_RGB-PanSharpen_AOI_5_Khartoum_img915_0_0.png,labels/SpaceNet_AOI5_RGB-PanSharpen_AOI_5_Khartoum_img915_0_0.png,SpaceNet_AOI5,RGB-PanSharpen_AOI_5_Khartoum_img915.tif,0.5,512,512,0,0,32.5534059,15.6480687,Sudan,Africa,0.511,underdeveloped,0.4667243957519531,urban_high_density
SpaceNet_AOI5_RGB-PanSharpen_AOI_5_Khartoum_img1607_0_0,images/SpaceNet_AOI5_RGB-PanSharpen_AOI_5_Khartoum_img1607_0_0.png,labels/SpaceNet_AOI5_RGB-PanSharpen_AOI_5_Khartoum_img1607_0_0.png,SpaceNet_AOI5,RGB-PanSharpen_AOI_5_Khartoum_img1607.tif,0.5,512,512,0,0,32.5656909,15.5392586999,Sudan,Africa,0.511,underdeveloped,0.1529350280761718,urban_medium_density
SpaceNet_AOI5_RGB-PanSharpen_AOI_5_Khartoum_img37_0_0,images/SpaceNet_AOI5_RGB-PanSharpen_AOI_5_Khartoum_img37_0_0.png,labels/SpaceNet_AOI5_RGB-PanSharpen_AOI_5_Khartoum_img37_0_0.png,SpaceNet_AOI5,RGB-PanSharpen_AOI_5_Khartoum_img37.tif,0.5,512,512,0,0,32.4972459,15.5181986999,Sudan,Africa,0.511,underdeveloped,0.2173576354980468,urban_medium_density
SpaceNet_AOI5_RGB-PanSharpen_AOI_5_Khartoum_img1208_0_0,images/SpaceNet_AOI5_RGB-PanSharpen_AOI_5_Khartoum_img1208_0_0.png,labels/SpaceNet_AOI5_RGB-PanSharpen_AOI_5_Khartoum_img1208_0_0.png,SpaceNet_AOI5,RGB-PanSharpen_AOI_5_Khartoum_img1208.tif,0.5,512,512,0,0,32.5586709,15.5655836999,Sudan,Africa,0.511,underdeveloped,0.0736808776855468,suburban
SpaceNet_AOI5_RGB-PanSharpen_AOI_5_Khartoum_img900_0_0,images/SpaceNet_AOI5_RGB-PanSharpen_AOI_5_Khartoum_img900_0_0.png,labels/SpaceNet_AOI5_RGB-PanSharpen_AOI_5_Khartoum_img900_0_0.png,SpaceNet_AOI5,RGB-PanSharpen_AOI_5_Khartoum_img900.tif,0.5,512,512,0,0,32.5534059,15.6217437,Sudan,Africa,0.511,underdeveloped,0.0478439331054687,rural
SpaceNet_AOI5_RGB-PanSharpen_AOI_5_Khartoum_img1402_0_0,images/SpaceNet_AOI5_RGB-PanSharpen_AOI_5_Khartoum_img1402_0_0.png,labels/SpaceNet_AOI5_RGB-PanSharpen_AOI_5_Khartoum_img1402_0_0.png,SpaceNet_AOI5,RGB-PanSharpen_AOI_5_Khartoum_img1402.tif,0.5,512,512,0,0,32.5621809,15.5252186999,Sudan,Africa,0.511,underdeveloped,0.00286865234375,sparse
SpaceNet_AOI5_RGB-PanSharpen_AOI_5_Khartoum_img1210_0_0,images/SpaceNet_AOI5_RGB-PanSharpen_AOI_5_Khartoum_img1210_0_0.png,labels/SpaceNet_AOI5_RGB-PanSharpen_AOI_5_Khartoum_img1210_0_0.png,SpaceNet_AOI5,RGB-PanSharpen_AOI_5_Khartoum_img1210.tif,0.5,512,512,0,0,32.5586709,15.5690936999,Sudan,Africa,0.511,underdeveloped,0.0846328735351562,suburban
SpaceNet_AOI5_RGB-PanSharpen_AOI_5_Khartoum_img376_0_0,images/SpaceNet_AOI5_RGB-PanSharpen_AOI_5_Khartoum_img376_0_0.png,labels/SpaceNet_AOI5_RGB-PanSharpen_AOI_5_Khartoum_img376_0_0.png,SpaceNet_AOI5,RGB-PanSharpen_AOI_5_Khartoum_img376.tif,0.5,512,512,0,0,32.5358559,15.6357837,Sudan,Africa,0.511,underdeveloped,0.189666748046875,urban_medium_density
SpaceNet_AOI5_RGB-PanSharpen_AOI_5_Khartoum_img79_0_0,images/SpaceNet_AOI5_RGB-PanSharpen_AOI_5_Khartoum_img79_0_0.png,labels/SpaceNet_AOI5_RGB-PanSharpen_AOI_5_Khartoum_img79_0_0.png,SpaceNet_AOI5,RGB-PanSharpen_AOI_5_Khartoum_img79.tif,0.5,512,512,0,0,32.5007559,15.5462786999,Sudan,Africa,0.511,underdeveloped,0.0563735961914062,suburban
SpaceNet_AOI5_RGB-PanSharpen_AOI_5_Khartoum_img1345_0_0,images/SpaceNet_AOI5_RGB-PanSharpen_AOI_5_Khartoum_img1345_0_0.png,labels/SpaceNet_AOI5_RGB-PanSharpen_AOI_5_Khartoum_img1345_0_0.png,SpaceNet_AOI5,RGB-PanSharpen_AOI_5_Khartoum_img1345.tif,0.5,512,512,0,0,32.5604259,15.6217437,Sudan,Africa,0.511,underdeveloped,0.2529182434082031,urban_medium_density
SpaceNet_AOI5_RGB-PanSharpen_AOI_5_Khartoum_img1624_0_0,images/SpaceNet_AOI5_RGB-PanSharpen_AOI_5_Khartoum_img1624_0_0.png,labels/SpaceNet_AOI5_RGB-PanSharpen_AOI_5_Khartoum_img1624_0_0.png,SpaceNet_AOI5,RGB-PanSharpen_AOI_5_Khartoum_img1624.tif,0.5,512,512,0,0,32.5656909,15.5690936999,Sudan,Africa,0.511,underdeveloped,0.0200119018554687,rural
SpaceNet_AOI5_RGB-PanSharpen_AOI_5_Khartoum_img1512_0_0,images/SpaceNet_AOI5_RGB-PanSharpen_AOI_5_Khartoum_img1512_0_0.png,labels/SpaceNet_AOI5_RGB-PanSharpen_AOI_5_Khartoum_img1512_0_0.png,SpaceNet_AOI5,RGB-PanSharpen_AOI_5_Khartoum_img1512.tif,0.5,512,512,0,0,32.563935900000004,15.5427686999,Sudan,Africa,0.511,underdeveloped,0.4921188354492187,urban_high_density
SpaceNet_AOI5_RGB-PanSharpen_AOI_5_Khartoum_img1498_0_0,images/SpaceNet_AOI5_RGB-PanSharpen_AOI_5_Khartoum_img1498_0_0.png,labels/SpaceNet_AOI5_RGB-PanSharpen_AOI_5_Khartoum_img1498_0_0.png,SpaceNet_AOI5,RGB-PanSharpen_AOI_5_Khartoum_img1498.tif,0.5,512,512,0,0,32.563935900000004,15.5181986999,Sudan,Africa,0.511,underdeveloped,0.4085159301757812,urban_high_density
SpaceNet_AOI5_RGB-PanSharpen_AOI_5_Khartoum_img1346_0_0,images/SpaceNet_AOI5_RGB-PanSharpen_AOI_5_Khartoum_img1346_0_0.png,labels/SpaceNet_AOI5_RGB-PanSharpen_AOI_5_Khartoum_img1346_0_0.png,SpaceNet_AOI5,RGB-PanSharpen_AOI_5_Khartoum_img1346.tif,0.5,512,512,0,0,32.5604259,15.6234987,Sudan,Africa,0.511,underdeveloped,0.2656059265136719,urban_medium_density
SpaceNet_AOI5_RGB-PanSharpen_AOI_5_Khartoum_img1059_0_0,images/SpaceNet_AOI5_RGB-PanSharpen_AOI_5_Khartoum_img1059_0_0.png,labels/SpaceNet_AOI5_RGB-PanSharpen_AOI_5_Khartoum_img1059_0_0.png,SpaceNet_AOI5,RGB-PanSharpen_AOI_5_Khartoum_img1059.tif,0.5,512,512,0,0,32.555160900000004,15.7217787,Sudan,Africa,0.511,underdeveloped,0.1209602355957031,suburban
SpaceNet_AOI5_RGB-PanSharpen_AOI_5_Khartoum_img1622_0_0,images/SpaceNet_AOI5_RGB-PanSharpen_AOI_5_Khartoum_img1622_0_0.png,labels/SpaceNet_AOI5_RGB-PanSharpen_AOI_5_Khartoum_img1622_0_0.png,SpaceNet_AOI5,RGB-PanSharpen_AOI_5_Khartoum_img1622.tif,0.5,512,512,0,0,32.5656909,15.5655836999,Sudan,Africa,0.511,underdeveloped,0.1332283020019531,suburban
SpaceNet_AOI5_RGB-PanSharpen_AOI_5_Khartoum_img526_0_0,images/SpaceNet_AOI5_RGB-PanSharpen_AOI_5_Khartoum_img526_0_0.png,labels/SpaceNet_AOI5_RGB-PanSharpen_AOI_5_Khartoum_img526_0_0.png,SpaceNet_AOI5,RGB-PanSharpen_AOI_5_Khartoum_img526.tif,0.5,512,512,0,0,32.5446309,15.6463137,Sudan,Africa,0.511,underdeveloped,0.0059127807617187,sparse
SpaceNet_AOI5_RGB-PanSharpen_AOI_5_Khartoum_img1557_0_0,images/SpaceNet_AOI5_RGB-PanSharpen_AOI_5_Khartoum_img1557_0_0.png,labels/SpaceNet_AOI5_RGB-PanSharpen_AOI_5_Khartoum_img1557_0_0.png,SpaceNet_AOI5,RGB-PanSharpen_AOI_5_Khartoum_img1557.tif,0.5,512,512,0,0,32.563935900000004,15.6322737,Sudan,Africa,0.511,underdeveloped,0.2449836730957031,urban_medium_density
SpaceNet_AOI5_RGB-PanSharpen_AOI_5_Khartoum_img1566_0_0,images/SpaceNet_AOI5_RGB-PanSharpen_AOI_5_Khartoum_img1566_0_0.png,labels/SpaceNet_AOI5_RGB-PanSharpen_AOI_5_Khartoum_img1566_0_0.png,SpaceNet_AOI5,RGB-PanSharpen_AOI_5_Khartoum_img1566.tif,0.5,512,512,0,0,32.563935900000004,15.6480687,Sudan,Africa,0.511,underdeveloped,0.1628952026367187,urban_medium_density
SpaceNet_AOI5_RGB-PanSharpen_AOI_5_Khartoum_img1045_0_0,images/SpaceNet_AOI5_RGB-PanSharpen_AOI_5_Khartoum_img1045_0_0.png,labels/SpaceNet_AOI5_RGB-PanSharpen_AOI_5_Khartoum_img1045_0_0.png,SpaceNet_AOI5,RGB-PanSharpen_AOI_5_Khartoum_img1045.tif,0.5,512,512,0,0,32.555160900000004,15.6972087,Sudan,Africa,0.511,underdeveloped,0.2907371520996094,urban_medium_density
SpaceNet_AOI5_RGB-PanSharpen_AOI_5_Khartoum_img1410_0_0,images/SpaceNet_AOI5_RGB-PanSharpen_AOI_5_Khartoum_img1410_0_0.png,labels/SpaceNet_AOI5_RGB-PanSharpen_AOI_5_Khartoum_img1410_0_0.png,SpaceNet_AOI5,RGB-PanSharpen_AOI_5_Khartoum_img1410.tif,0.5,512,512,0,0,32.5621809,15.5392586999,Sudan,Africa,0.511,underdeveloped,0.2370376586914062,urban_medium_density
SpaceNet_AOI5_RGB-PanSharpen_AOI_5_Khartoum_img725_0_0,images/SpaceNet_AOI5_RGB-PanSharpen_AOI_5_Khartoum_img725_0_0.png,labels/SpaceNet_AOI5_RGB-PanSharpen_AOI_5_Khartoum_img725_0_0.png,SpaceNet_AOI5,RGB-PanSharpen_AOI_5_Khartoum_img725.tif,0.5,512,512,0,0,32.5498959,15.6498237,Sudan,Africa,0.511,underdeveloped,0.5680007934570312,urban_high_density
SpaceNet_AOI5_RGB-PanSharpen_AOI_5_Khartoum_img920_0_0,images/SpaceNet_AOI5_RGB-PanSharpen_AOI_5_Khartoum_img920_0_0.png,labels/SpaceNet_AOI5_RGB-PanSharpen_AOI_5_Khartoum_img920_0_0.png,SpaceNet_AOI5,RGB-PanSharpen_AOI_5_Khartoum_img920.tif,0.5,512,512,0,0,32.5534059,15.6568437,Sudan,Africa,0.511,underdeveloped,0.4611091613769531,urban_high_density
SpaceNet_AOI5_RGB-PanSharpen_AOI_5_Khartoum_img927_0_0,images/SpaceNet_AOI5_RGB-PanSharpen_AOI_5_Khartoum_img927_0_0.png,labels/SpaceNet_AOI5_RGB-PanSharpen_AOI_5_Khartoum_img927_0_0.png,SpaceNet_AOI5,RGB-PanSharpen_AOI_5_Khartoum_img927.tif,0.5,512,512,0,0,32.5534059,15.6691287,Sudan,Africa,0.511,underdeveloped,0.147918701171875,suburban
SpaceNet_AOI5_RGB-PanSharpen_AOI_5_Khartoum_img1351_0_0,images/SpaceNet_AOI5_RGB-PanSharpen_AOI_5_Khartoum_img1351_0_0.png,labels/SpaceNet_AOI5_RGB-PanSharpen_AOI_5_Khartoum_img1351_0_0.png,SpaceNet_AOI5,RGB-PanSharpen_AOI_5_Khartoum_img1351.tif,0.5,512,512,0,0,32.5604259,15.6322737,Sudan,Africa,0.511,underdeveloped,0.3490943908691406,urban_high_density
SpaceNet_AOI5_RGB-PanSharpen_AOI_5_Khartoum_img173_0_0,images/SpaceNet_AOI5_RGB-PanSharpen_AOI_5_Khartoum_img173_0_0.png,labels/SpaceNet_AOI5_RGB-PanSharpen_AOI_5_Khartoum_img173_0_0.png,SpaceNet_AOI5,RGB-PanSharpen_AOI_5_Khartoum_img173.tif,0.5,512,512,0,0,32.5095309,15.5217086999,Sudan,Africa,0.511,underdeveloped,0.2315635681152343,urban_medium_density
SpaceNet_AOI5_RGB-PanSharpen_AOI_5_Khartoum_img707_0_0,images/SpaceNet_AOI5_RGB-PanSharpen_AOI_5_Khartoum_img707_0_0.png,labels/SpaceNet_AOI5_RGB-PanSharpen_AOI_5_Khartoum_img707_0_0.png,SpaceNet_AOI5,RGB-PanSharpen_AOI_5_Khartoum_img707.tif,0.5,512,512,0,0,32.5498959,15.6182337,Sudan,Africa,0.511,underdeveloped,0.1363105773925781,suburban
SpaceNet_AOI5_RGB-PanSharpen_AOI_5_Khartoum_img1589_0_0,images/SpaceNet_AOI5_RGB-PanSharpen_AOI_5_Khartoum_img1589_0_0.png,labels/SpaceNet_AOI5_RGB-PanSharpen_AOI_5_Khartoum_img1589_0_0.png,SpaceNet_AOI5,RGB-PanSharpen_AOI_5_Khartoum_img1589.tif,0.5,512,512,0,0,32.563935900000004,15.7323087,Sudan,Africa,0.511,underdeveloped,0.0203514099121093,rural
SpaceNet_AOI5_RGB-PanSharpen_AOI_5_Khartoum_img1558_0_0,images/SpaceNet_AOI5_RGB-PanSharpen_AOI_5_Khartoum_img1558_0_0.png,labels/SpaceNet_AOI5_RGB-PanSharpen_AOI_5_Khartoum_img1558_0_0.png,SpaceNet_AOI5,RGB-PanSharpen_AOI_5_Khartoum_img1558.tif,0.5,512,512,0,0,32.563935900000004,15.6340287,Sudan,Africa,0.511,underdeveloped,0.2004737854003906,urban_medium_density
SpaceNet_AOI5_RGB-PanSharpen_AOI_5_Khartoum_img527_0_0,images/SpaceNet_AOI5_RGB-PanSharpen_AOI_5_Khartoum_img527_0_0.png,labels/SpaceNet_AOI5_RGB-PanSharpen_AOI_5_Khartoum_img527_0_0.png,SpaceNet_AOI5,RGB-PanSharpen_AOI_5_Khartoum_img527.tif,0.5,512,512,0,0,32.5446309,15.6480687,Sudan,Africa,0.511,underdeveloped,0.3162803649902344,urban_high_density
SpaceNet_AOI5_RGB-PanSharpen_AOI_5_Khartoum_img277_0_0,images/SpaceNet_AOI5_RGB-PanSharpen_AOI_5_Khartoum_img277_0_0.png,labels/SpaceNet_AOI5_RGB-PanSharpen_AOI_5_Khartoum_img277_0_0.png,SpaceNet_AOI5,RGB-PanSharpen_AOI_5_Khartoum_img277.tif,0.5,512,512,0,0,32.5218159,15.5357486999,Sudan,Africa,0.511,underdeveloped,0.002105712890625,sparse
SpaceNet_AOI5_RGB-PanSharpen_AOI_5_Khartoum_img1614_0_0,images/SpaceNet_AOI5_RGB-PanSharpen_AOI_5_Khartoum_img1614_0_0.png,labels/SpaceNet_AOI5_RGB-PanSharpen_AOI_5_Khartoum_img1614_0_0.png,SpaceNet_AOI5,RGB-PanSharpen_AOI_5_Khartoum_img1614.tif,0.5,512,512,0,0,32.5656909,15.5515436999,Sudan,Africa,0.511,underdeveloped,0.0017738342285156,sparse
SpaceNet_AOI5_RGB-PanSharpen_AOI_5_Khartoum_img1476_0_0,images/SpaceNet_AOI5_RGB-PanSharpen_AOI_5_Khartoum_img1476_0_0.png,labels/SpaceNet_AOI5_RGB-PanSharpen_AOI_5_Khartoum_img1476_0_0.png,SpaceNet_AOI5,RGB-PanSharpen_AOI_5_Khartoum_img1476.tif,0.5,512,512,0,0,32.5621809,15.6656187,Sudan,Africa,0.511,underdeveloped,0.0316619873046875,rural
SpaceNet_AOI5_RGB-PanSharpen_AOI_5_Khartoum_img1095_0_0,images/SpaceNet_AOI5_RGB-PanSharpen_AOI_5_Khartoum_img1095_0_0.png,labels/SpaceNet_AOI5_RGB-PanSharpen_AOI_5_Khartoum_img1095_0_0.png,SpaceNet_AOI5,RGB-PanSharpen_AOI_5_Khartoum_img1095.tif,0.5,512,512,0,0,32.5569159,15.5585636999,Sudan,Africa,0.511,underdeveloped,0.0883064270019531,suburban
SpaceNet_AOI5_RGB-PanSharpen_AOI_5_Khartoum_img984_0_0,images/SpaceNet_AOI5_RGB-PanSharpen_AOI_5_Khartoum_img984_0_0.png,labels/SpaceNet_AOI5_RGB-PanSharpen_AOI_5_Khartoum_img984_0_0.png,SpaceNet_AOI5,RGB-PanSharpen_AOI_5_Khartoum_img984.tif,0.5,512,512,0,0,32.555160900000004,15.5462786999,Sudan,Africa,0.511,underdeveloped,0.2017593383789062,urban_medium_density
SpaceNet_AOI5_RGB-PanSharpen_AOI_5_Khartoum_img50_0_0,images/SpaceNet_AOI5_RGB-PanSharpen_AOI_5_Khartoum_img50_0_0.png,labels/SpaceNet_AOI5_RGB-PanSharpen_AOI_5_Khartoum_img50_0_0.png,SpaceNet_AOI5,RGB-PanSharpen_AOI_5_Khartoum_img50.tif,0.5,512,512,0,0,32.4990009,15.5164436999,Sudan,Africa,0.511,underdeveloped,0.2080001831054687,urban_medium_density
SpaceNet_AOI5_RGB-PanSharpen_AOI_5_Khartoum_img611_0_0,images/SpaceNet_AOI5_RGB-PanSharpen_AOI_5_Khartoum_img611_0_0.png,labels/SpaceNet_AOI5_RGB-PanSharpen_AOI_5_Khartoum_img611_0_0.png,SpaceNet_AOI5,RGB-PanSharpen_AOI_5_Khartoum_img611.tif,0.5,512,512,0,0,32.5481409,15.5252186999,Sudan,Africa,0.511,underdeveloped,0.0823860168457031,suburban
SpaceNet_AOI5_RGB-PanSharpen_AOI_5_Khartoum_img875_0_0,images/SpaceNet_AOI5_RGB-PanSharpen_AOI_5_Khartoum_img875_0_0.png,labels/SpaceNet_AOI5_RGB-PanSharpen_AOI_5_Khartoum_img875_0_0.png,SpaceNet_AOI5,RGB-PanSharpen_AOI_5_Khartoum_img875.tif,0.5,512,512,0,0,32.5534059,15.5339936999,Sudan,Africa,0.511,underdeveloped,0.5303916931152344,urban_high_density
SpaceNet_AOI5_RGB-PanSharpen_AOI_5_Khartoum_img1439_0_0,images/SpaceNet_AOI5_RGB-PanSharpen_AOI_5_Khartoum_img1439_0_0.png,labels/SpaceNet_AOI5_RGB-PanSharpen_AOI_5_Khartoum_img1439_0_0.png,SpaceNet_AOI5,RGB-PanSharpen_AOI_5_Khartoum_img1439.tif,0.5,512,512,0,0,32.5621809,15.59015369995,Sudan,Africa,0.511,underdeveloped,0.2936782836914062,urban_medium_density
SpaceNet_AOI5_RGB-PanSharpen_AOI_5_Khartoum_img215_0_0,images/SpaceNet_AOI5_RGB-PanSharpen_AOI_5_Khartoum_img215_0_0.png,labels/SpaceNet_AOI5_RGB-PanSharpen_AOI_5_Khartoum_img215_0_0.png,SpaceNet_AOI5,RGB-PanSharpen_AOI_5_Khartoum_img215.tif,0.5,512,512,0,0,32.5130409,15.5217086999,Sudan,Africa,0.511,underdeveloped,0.2476844787597656,urban_medium_density
SpaceNet_AOI5_RGB-PanSharpen_AOI_5_Khartoum_img593_0_0,images/SpaceNet_AOI5_RGB-PanSharpen_AOI_5_Khartoum_img593_0_0.png,labels/SpaceNet_AOI5_RGB-PanSharpen_AOI_5_Khartoum_img593_0_0.png,SpaceNet_AOI5,RGB-PanSharpen_AOI_5_Khartoum_img593.tif,0.5,512,512,0,0,32.546385900000004,15.6884337,Sudan,Africa,0.511,underdeveloped,0.2955322265625,urban_medium_density
SpaceNet_AOI5_RGB-PanSharpen_AOI_5_Khartoum_img597_0_0,images/SpaceNet_AOI5_RGB-PanSharpen_AOI_5_Khartoum_img597_0_0.png,labels/SpaceNet_AOI5_RGB-PanSharpen_AOI_5_Khartoum_img597_0_0.png,SpaceNet_AOI5,RGB-PanSharpen_AOI_5_Khartoum_img597.tif,0.5,512,512,0,0,32.546385900000004,15.7094937,Sudan,Africa,0.511,underdeveloped,0.0566558837890625,suburban
SpaceNet_AOI5_RGB-PanSharpen_AOI_5_Khartoum_img622_0_0,images/SpaceNet_AOI5_RGB-PanSharpen_AOI_5_Khartoum_img622_0_0.png,labels/SpaceNet_AOI5_RGB-PanSharpen_AOI_5_Khartoum_img622_0_0.png,SpaceNet_AOI5,RGB-PanSharpen_AOI_5_Khartoum_img622.tif,0.5,512,512,0,0,32.5481409,15.5480336999,Sudan,Africa,0.511,underdeveloped,0.3087348937988281,urban_high_density
SpaceNet_AOI5_RGB-PanSharpen_AOI_5_Khartoum_img956_0_0,images/SpaceNet_AOI5_RGB-PanSharpen_AOI_5_Khartoum_img956_0_0.png,labels/SpaceNet_AOI5_RGB-PanSharpen_AOI_5_Khartoum_img956_0_0.png,SpaceNet_AOI5,RGB-PanSharpen_AOI_5_Khartoum_img956.tif,0.5,512,512,0,0,32.5534059,15.7217787,Sudan,Africa,0.511,underdeveloped,0.2067031860351562,urban_medium_density
SpaceNet_AOI5_RGB-PanSharpen_AOI_5_Khartoum_img810_0_0,images/SpaceNet_AOI5_RGB-PanSharpen_AOI_5_Khartoum_img810_0_0.png,labels/SpaceNet_AOI5_RGB-PanSharpen_AOI_5_Khartoum_img810_0_0.png,SpaceNet_AOI5,RGB-PanSharpen_AOI_5_Khartoum_img810.tif,0.5,512,512,0,0,32.5516509,15.6392937,Sudan,Africa,0.511,underdeveloped,0.2716712951660156,urban_medium_density
SpaceNet_AOI5_RGB-PanSharpen_AOI_5_Khartoum_img226_0_0,images/SpaceNet_AOI5_RGB-PanSharpen_AOI_5_Khartoum_img226_0_0.png,labels/SpaceNet_AOI5_RGB-PanSharpen_AOI_5_Khartoum_img226_0_0.png,SpaceNet_AOI5,RGB-PanSharpen_AOI_5_Khartoum_img226.tif,0.5,512,512,0,0,32.5130409,15.5445236999,Sudan,Africa,0.511,underdeveloped,0.0686378479003906,suburban
SpaceNet_AOI5_RGB-PanSharpen_AOI_5_Khartoum_img655_0_0,images/SpaceNet_AOI5_RGB-PanSharpen_AOI_5_Khartoum_img655_0_0.png,labels/SpaceNet_AOI5_RGB-PanSharpen_AOI_5_Khartoum_img655_0_0.png,SpaceNet_AOI5,RGB-PanSharpen_AOI_5_Khartoum_img655.tif,0.5,512,512,0,0,32.5481409,15.6621087,Sudan,Africa,0.511,underdeveloped,0.0029106140136718,sparse
SpaceNet_AOI5_RGB-PanSharpen_AOI_5_Khartoum_img405_0_0,images/SpaceNet_AOI5_RGB-PanSharpen_AOI_5_Khartoum_img405_0_0.png,labels/SpaceNet_AOI5_RGB-PanSharpen_AOI_5_Khartoum_img405_0_0.png,SpaceNet_AOI5,RGB-PanSharpen_AOI_5_Khartoum_img405.tif,0.5,512,512,0,0,32.537610900000004,15.6533337,Sudan,Africa,0.511,underdeveloped,0.0855140686035156,suburban
SpaceNet_AOI5_RGB-PanSharpen_AOI_5_Khartoum_img589_0_0,images/SpaceNet_AOI5_RGB-PanSharpen_AOI_5_Khartoum_img589_0_0.png,labels/SpaceNet_AOI5_RGB-PanSharpen_AOI_5_Khartoum_img589_0_0.png,SpaceNet_AOI5,RGB-PanSharpen_AOI_5_Khartoum_img589.tif,0.5,512,512,0,0,32.546385900000004,15.6814137,Sudan,Africa,0.511,underdeveloped,0.1138114929199218,suburban
SpaceNet_AOI5_RGB-PanSharpen_AOI_5_Khartoum_img1090_0_0,images/SpaceNet_AOI5_RGB-PanSharpen_AOI_5_Khartoum_img1090_0_0.png,labels/SpaceNet_AOI5_RGB-PanSharpen_AOI_5_Khartoum_img1090_0_0.png,SpaceNet_AOI5,RGB-PanSharpen_AOI_5_Khartoum_img1090.tif,0.5,512,512,0,0,32.5569159,15.5497886999,Sudan,Africa,0.511,underdeveloped,0.0168190002441406,rural
SpaceNet_AOI5_RGB-PanSharpen_AOI_5_Khartoum_img860_0_0,images/SpaceNet_AOI5_RGB-PanSharpen_AOI_5_Khartoum_img860_0_0.png,labels/SpaceNet_AOI5_RGB-PanSharpen_AOI_5_Khartoum_img860_0_0.png,SpaceNet_AOI5,RGB-PanSharpen_AOI_5_Khartoum_img860.tif,0.5,512,512,0,0,32.5516509,15.7323087,Sudan,Africa,0.511,underdeveloped,0.0032501220703125,sparse
SpaceNet_AOI5_RGB-PanSharpen_AOI_5_Khartoum_img383_0_0,images/SpaceNet_AOI5_RGB-PanSharpen_AOI_5_Khartoum_img383_0_0.png,labels/SpaceNet_AOI5_RGB-PanSharpen_AOI_5_Khartoum_img383_0_0.png,SpaceNet_AOI5,RGB-PanSharpen_AOI_5_Khartoum_img383.tif,0.5,512,512,0,0,32.5358559,15.6480687,Sudan,Africa,0.511,underdeveloped,0.2306404113769531,urban_medium_density
SpaceNet_AOI5_RGB-PanSharpen_AOI_5_Khartoum_img1555_0_0,images/SpaceNet_AOI5_RGB-PanSharpen_AOI_5_Khartoum_img1555_0_0.png,labels/SpaceNet_AOI5_RGB-PanSharpen_AOI_5_Khartoum_img1555_0_0.png,SpaceNet_AOI5,RGB-PanSharpen_AOI_5_Khartoum_img1555.tif,0.5,512,512,0,0,32.563935900000004,15.6287637,Sudan,Africa,0.511,underdeveloped,0.2201766967773437,urban_medium_density
SpaceNet_AOI5_RGB-PanSharpen_AOI_5_Khartoum_img1094_0_0,images/SpaceNet_AOI5_RGB-PanSharpen_AOI_5_Khartoum_img1094_0_0.png,labels/SpaceNet_AOI5_RGB-PanSharpen_AOI_5_Khartoum_img1094_0_0.png,SpaceNet_AOI5,RGB-PanSharpen_AOI_5_Khartoum_img1094.tif,0.5,512,512,0,0,32.5569159,15.5568086999,Sudan,Africa,0.511,underdeveloped,0.0173912048339843,rural
SpaceNet_AOI5_RGB-PanSharpen_AOI_5_Khartoum_img654_0_0,images/SpaceNet_AOI5_RGB-PanSharpen_AOI_5_Khartoum_img654_0_0.png,labels/SpaceNet_AOI5_RGB-PanSharpen_AOI_5_Khartoum_img654_0_0.png,SpaceNet_AOI5,RGB-PanSharpen_AOI_5_Khartoum_img654.tif,0.5,512,512,0,0,32.5481409,15.6603537,Sudan,Africa,0.511,underdeveloped,0.01318359375,rural
SpaceNet_AOI5_RGB-PanSharpen_AOI_5_Khartoum_img1184_0_0,images/SpaceNet_AOI5_RGB-PanSharpen_AOI_5_Khartoum_img1184_0_0.png,labels/SpaceNet_AOI5_RGB-PanSharpen_AOI_5_Khartoum_img1184_0_0.png,SpaceNet_AOI5,RGB-PanSharpen_AOI_5_Khartoum_img1184.tif,0.5,512,512,0,0,32.5586709,15.5234636999,Sudan,Africa,0.511,underdeveloped,0.1216316223144531,suburban
SpaceNet_AOI5_RGB-PanSharpen_AOI_5_Khartoum_img1113_0_0,images/SpaceNet_AOI5_RGB-PanSharpen_AOI_5_Khartoum_img1113_0_0.png,labels/SpaceNet_AOI5_RGB-PanSharpen_AOI_5_Khartoum_img1113_0_0.png,SpaceNet_AOI5,RGB-PanSharpen_AOI_5_Khartoum_img1113.tif,0.5,512,512,0,0,32.5569159,15.6217437,Sudan,Africa,0.511,underdeveloped,0.2840423583984375,urban_medium_density
SpaceNet_AOI5_RGB-PanSharpen_AOI_5_Khartoum_img460_0_0,images/SpaceNet_AOI5_RGB-PanSharpen_AOI_5_Khartoum_img460_0_0.png,labels/SpaceNet_AOI5_RGB-PanSharpen_AOI_5_Khartoum_img460_0_0.png,SpaceNet_AOI5,RGB-PanSharpen_AOI_5_Khartoum_img460.tif,0.5,512,512,0,0,32.5411209,15.6989637,Sudan,Africa,0.511,underdeveloped,0.0075874328613281,sparse
SpaceNet_AOI5_RGB-PanSharpen_AOI_5_Khartoum_img145_0_0,images/SpaceNet_AOI5_RGB-PanSharpen_AOI_5_Khartoum_img145_0_0.png,labels/SpaceNet_AOI5_RGB-PanSharpen_AOI_5_Khartoum_img145_0_0.png,SpaceNet_AOI5,RGB-PanSharpen_AOI_5_Khartoum_img145.tif,0.5,512,512,0,0,32.5060209,15.5462786999,Sudan,Africa,0.511,underdeveloped,0.0956497192382812,suburban
SpaceNet_AOI5_RGB-PanSharpen_AOI_5_Khartoum_img354_0_0,images/SpaceNet_AOI5_RGB-PanSharpen_AOI_5_Khartoum_img354_0_0.png,labels/SpaceNet_AOI5_RGB-PanSharpen_AOI_5_Khartoum_img354_0_0.png,SpaceNet_AOI5,RGB-PanSharpen_AOI_5_Khartoum_img354.tif,0.5,512,512,0,0,32.5341009,15.6287637,Sudan,Africa,0.511,underdeveloped,0.1831245422363281,urban_medium_density
SpaceNet_AOI5_RGB-PanSharpen_AOI_5_Khartoum_img713_0_0,images/SpaceNet_AOI5_RGB-PanSharpen_AOI_5_Khartoum_img713_0_0.png,labels/SpaceNet_AOI5_RGB-PanSharpen_AOI_5_Khartoum_img713_0_0.png,SpaceNet_AOI5,RGB-PanSharpen_AOI_5_Khartoum_img713.tif,0.5,512,512,0,0,32.5498959,15.6287637,Sudan,Africa,0.511,underdeveloped,0.2444953918457031,urban_medium_density
SpaceNet_AOI5_RGB-PanSharpen_AOI_5_Khartoum_img188_0_0,images/SpaceNet_AOI5_RGB-PanSharpen_AOI_5_Khartoum_img188_0_0.png,labels/SpaceNet_AOI5_RGB-PanSharpen_AOI_5_Khartoum_img188_0_0.png,SpaceNet_AOI5,RGB-PanSharpen_AOI_5_Khartoum_img188.tif,0.5,512,512,0,0,32.5095309,15.5480336999,Sudan,Africa,0.511,underdeveloped,0.0005569458007812,sparse
SpaceNet_AOI5_RGB-PanSharpen_AOI_5_Khartoum_img78_0_0,images/SpaceNet_AOI5_RGB-PanSharpen_AOI_5_Khartoum_img78_0_0.png,labels/SpaceNet_AOI5_RGB-PanSharpen_AOI_5_Khartoum_img78_0_0.png,SpaceNet_AOI5,RGB-PanSharpen_AOI_5_Khartoum_img78.tif,0.5,512,512,0,0,32.5007559,15.5445236999,Sudan,Africa,0.511,underdeveloped,0.0218429565429687,rural
SpaceNet_AOI5_RGB-PanSharpen_AOI_5_Khartoum_img374_0_0,images/SpaceNet_AOI5_RGB-PanSharpen_AOI_5_Khartoum_img374_0_0.png,labels/SpaceNet_AOI5_RGB-PanSharpen_AOI_5_Khartoum_img374_0_0.png,SpaceNet_AOI5,RGB-PanSharpen_AOI_5_Khartoum_img374.tif,0.5,512,512,0,0,32.5358559,15.6322737,Sudan,Africa,0.511,underdeveloped,0.0995101928710937,suburban
SpaceNet_AOI5_RGB-PanSharpen_AOI_5_Khartoum_img1172_0_0,images/SpaceNet_AOI5_RGB-PanSharpen_AOI_5_Khartoum_img1172_0_0.png,labels/SpaceNet_AOI5_RGB-PanSharpen_AOI_5_Khartoum_img1172_0_0.png,SpaceNet_AOI5,RGB-PanSharpen_AOI_5_Khartoum_img1172.tif,0.5,512,512,0,0,32.5569159,15.7287987,Sudan,Africa,0.511,underdeveloped,0.0125350952148437,rural
SpaceNet_AOI5_RGB-PanSharpen_AOI_5_Khartoum_img590_0_0,images/SpaceNet_AOI5_RGB-PanSharpen_AOI_5_Khartoum_img590_0_0.png,labels/SpaceNet_AOI5_RGB-PanSharpen_AOI_5_Khartoum_img590_0_0.png,SpaceNet_AOI5,RGB-PanSharpen_AOI_5_Khartoum_img590.tif,0.5,512,512,0,0,32.546385900000004,15.6831687,Sudan,Africa,0.511,underdeveloped,0.0509414672851562,suburban
SpaceNet_AOI5_RGB-PanSharpen_AOI_5_Khartoum_img1074_0_0,images/SpaceNet_AOI5_RGB-PanSharpen_AOI_5_Khartoum_img1074_0_0.png,labels/SpaceNet_AOI5_RGB-PanSharpen_AOI_5_Khartoum_img1074_0_0.png,SpaceNet_AOI5,RGB-PanSharpen_AOI_5_Khartoum_img1074.tif,0.5,512,512,0,0,32.5569159,15.5217086999,Sudan,Africa,0.511,underdeveloped,0.1239280700683593,suburban
SpaceNet_AOI5_RGB-PanSharpen_AOI_5_Khartoum_img599_0_0,images/SpaceNet_AOI5_RGB-PanSharpen_AOI_5_Khartoum_img599_0_0.png,labels/SpaceNet_AOI5_RGB-PanSharpen_AOI_5_Khartoum_img599_0_0.png,SpaceNet_AOI5,RGB-PanSharpen_AOI_5_Khartoum_img599.tif,0.5,512,512,0,0,32.546385900000004,15.7130037,Sudan,Africa,0.511,underdeveloped,0.0005455017089843,sparse
SpaceNet_AOI5_RGB-PanSharpen_AOI_5_Khartoum_img879_0_0,images/SpaceNet_AOI5_RGB-PanSharpen_AOI_5_Khartoum_img879_0_0.png,labels/SpaceNet_AOI5_RGB-PanSharpen_AOI_5_Khartoum_img879_0_0.png,SpaceNet_AOI5,RGB-PanSharpen_AOI_5_Khartoum_img879.tif,0.5,512,512,0,0,32.5534059,15.5410136999,Sudan,Africa,0.511,underdeveloped,0.1675529479980468,urban_medium_density
SpaceNet_AOI5_RGB-PanSharpen_AOI_5_Khartoum_img1630_0_0,images/SpaceNet_AOI5_RGB-PanSharpen_AOI_5_Khartoum_img1630_0_0.png,labels/SpaceNet_AOI5_RGB-PanSharpen_AOI_5_Khartoum_img1630_0_0.png,SpaceNet_AOI5,RGB-PanSharpen_AOI_5_Khartoum_img1630.tif,0.5,512,512,0,0,32.5656909,15.5796236999,Sudan,Africa,0.511,underdeveloped,0.07086181640625,suburban
SpaceNet_AOI5_RGB-PanSharpen_AOI_5_Khartoum_img132_0_0,images/SpaceNet_AOI5_RGB-PanSharpen_AOI_5_Khartoum_img132_0_0.png,labels/SpaceNet_AOI5_RGB-PanSharpen_AOI_5_Khartoum_img132_0_0.png,SpaceNet_AOI5,RGB-PanSharpen_AOI_5_Khartoum_img132.tif,0.5,512,512,0,0,32.5060209,15.5234636999,Sudan,Africa,0.511,underdeveloped,0.2230606079101562,urban_medium_density
SpaceNet_AOI5_RGB-PanSharpen_AOI_5_Khartoum_img9_0_0,images/SpaceNet_AOI5_RGB-PanSharpen_AOI_5_Khartoum_img9_0_0.png,labels/SpaceNet_AOI5_RGB-PanSharpen_AOI_5_Khartoum_img9_0_0.png,SpaceNet_AOI5,RGB-PanSharpen_AOI_5_Khartoum_img9.tif,0.5,512,512,0,0,32.4884709,15.5234636999,Sudan,Africa,0.511,underdeveloped,0.0015640258789062,sparse
SpaceNet_AOI5_RGB-PanSharpen_AOI_5_Khartoum_img980_0_0,images/SpaceNet_AOI5_RGB-PanSharpen_AOI_5_Khartoum_img980_0_0.png,labels/SpaceNet_AOI5_RGB-PanSharpen_AOI_5_Khartoum_img980_0_0.png,SpaceNet_AOI5,RGB-PanSharpen_AOI_5_Khartoum_img980.tif,0.5,512,512,0,0,32.555160900000004,15.5392586999,Sudan,Africa,0.511,underdeveloped,0.3563575744628906,urban_high_density
SpaceNet_AOI5_RGB-PanSharpen_AOI_5_Khartoum_img854_0_0,images/SpaceNet_AOI5_RGB-PanSharpen_AOI_5_Khartoum_img854_0_0.png,labels/SpaceNet_AOI5_RGB-PanSharpen_AOI_5_Khartoum_img854_0_0.png,SpaceNet_AOI5,RGB-PanSharpen_AOI_5_Khartoum_img854.tif,0.5,512,512,0,0,32.5516509,15.7217787,Sudan,Africa,0.511,underdeveloped,0.0143623352050781,rural
SpaceNet_AOI5_RGB-PanSharpen_AOI_5_Khartoum_img1280_0_0,images/SpaceNet_AOI5_RGB-PanSharpen_AOI_5_Khartoum_img1280_0_0.png,labels/SpaceNet_AOI5_RGB-PanSharpen_AOI_5_Khartoum_img1280_0_0.png,SpaceNet_AOI5,RGB-PanSharpen_AOI_5_Khartoum_img1280.tif,0.5,512,512,0,0,32.5586709,15.7217787,Sudan,Africa,0.511,underdeveloped,0.2405548095703125,urban_medium_density
SpaceNet_AOI5_RGB-PanSharpen_AOI_5_Khartoum_img105_0_0,images/SpaceNet_AOI5_RGB-PanSharpen_AOI_5_Khartoum_img105_0_0.png,labels/SpaceNet_AOI5_RGB-PanSharpen_AOI_5_Khartoum_img105_0_0.png,SpaceNet_AOI5,RGB-PanSharpen_AOI_5_Khartoum_img105.tif,0.5,512,512,0,0,32.5042659,15.5146886999,Sudan,Africa,0.511,underdeveloped,0.0789108276367187,suburban
SpaceNet_AOI5_RGB-PanSharpen_AOI_5_Khartoum_img1046_0_0,images/SpaceNet_AOI5_RGB-PanSharpen_AOI_5_Khartoum_img1046_0_0.png,labels/SpaceNet_AOI5_RGB-PanSharpen_AOI_5_Khartoum_img1046_0_0.png,SpaceNet_AOI5,RGB-PanSharpen_AOI_5_Khartoum_img1046.tif,0.5,512,512,0,0,32.555160900000004,15.6989637,Sudan,Africa,0.511,underdeveloped,0.3302841186523437,urban_high_density
SpaceNet_AOI5_RGB-PanSharpen_AOI_5_Khartoum_img361_0_0,images/SpaceNet_AOI5_RGB-PanSharpen_AOI_5_Khartoum_img361_0_0.png,labels/SpaceNet_AOI5_RGB-PanSharpen_AOI_5_Khartoum_img361_0_0.png,SpaceNet_AOI5,RGB-PanSharpen_AOI_5_Khartoum_img361.tif,0.5,512,512,0,0,32.5341009,15.6410487,Sudan,Africa,0.511,underdeveloped,0.2858848571777344,urban_medium_density
SpaceNet_AOI5_RGB-PanSharpen_AOI_5_Khartoum_img199_0_0,images/SpaceNet_AOI5_RGB-PanSharpen_AOI_5_Khartoum_img199_0_0.png,labels/SpaceNet_AOI5_RGB-PanSharpen_AOI_5_Khartoum_img199_0_0.png,SpaceNet_AOI5,RGB-PanSharpen_AOI_5_Khartoum_img199.tif,0.5,512,512,0,0,32.511285900000004,15.5304836999,Sudan,Africa,0.511,underdeveloped,0.4097480773925781,urban_high_density
SpaceNet_AOI5_RGB-PanSharpen_AOI_5_Khartoum_img959_0_0,images/SpaceNet_AOI5_RGB-PanSharpen_AOI_5_Khartoum_img959_0_0.png,labels/SpaceNet_AOI5_RGB-PanSharpen_AOI_5_Khartoum_img959_0_0.png,SpaceNet_AOI5,RGB-PanSharpen_AOI_5_Khartoum_img959.tif,0.5,512,512,0,0,32.5534059,15.7270437,Sudan,Africa,0.511,underdeveloped,0.1661415100097656,urban_medium_density
SpaceNet_AOI5_RGB-PanSharpen_AOI_5_Khartoum_img311_0_0,images/SpaceNet_AOI5_RGB-PanSharpen_AOI_5_Khartoum_img311_0_0.png,labels/SpaceNet_AOI5_RGB-PanSharpen_AOI_5_Khartoum_img311_0_0.png,SpaceNet_AOI5,RGB-PanSharpen_AOI_5_Khartoum_img311.tif,0.5,512,512,0,0,32.528835900000004,15.5375036999,Sudan,Africa,0.511,underdeveloped,0.2924842834472656,urban_medium_density
SpaceNet_AOI5_RGB-PanSharpen_AOI_5_Khartoum_img111_0_0,images/SpaceNet_AOI5_RGB-PanSharpen_AOI_5_Khartoum_img111_0_0.png,labels/SpaceNet_AOI5_RGB-PanSharpen_AOI_5_Khartoum_img111_0_0.png,SpaceNet_AOI5,RGB-PanSharpen_AOI_5_Khartoum_img111.tif,0.5,512,512,0,0,32.5042659,15.5252186999,Sudan,Africa,0.511,underdeveloped,0.2979927062988281,urban_medium_density
SpaceNet_AOI5_RGB-PanSharpen_AOI_5_Khartoum_img887_0_0,images/SpaceNet_AOI5_RGB-PanSharpen_AOI_5_Khartoum_img887_0_0.png,labels/SpaceNet_AOI5_RGB-PanSharpen_AOI_5_Khartoum_img887_0_0.png,SpaceNet_AOI5,RGB-PanSharpen_AOI_5_Khartoum_img887.tif,0.5,512,512,0,0,32.5534059,15.5550536999,Sudan,Africa,0.511,underdeveloped,0.0944366455078125,suburban
SpaceNet_AOI5_RGB-PanSharpen_AOI_5_Khartoum_img425_0_0,images/SpaceNet_AOI5_RGB-PanSharpen_AOI_5_Khartoum_img425_0_0.png,labels/SpaceNet_AOI5_RGB-PanSharpen_AOI_5_Khartoum_img425_0_0.png,SpaceNet_AOI5,RGB-PanSharpen_AOI_5_Khartoum_img425.tif,0.5,512,512,0,0,32.5393659,15.6533337,Sudan,Africa,0.511,underdeveloped,0.0459556579589843,rural
SpaceNet_AOI5_RGB-PanSharpen_AOI_5_Khartoum_img1359_0_0,images/SpaceNet_AOI5_RGB-PanSharpen_AOI_5_Khartoum_img1359_0_0.png,labels/SpaceNet_AOI5_RGB-PanSharpen_AOI_5_Khartoum_img1359_0_0.png,SpaceNet_AOI5,RGB-PanSharpen_AOI_5_Khartoum_img1359.tif,0.5,512,512,0,0,32.5604259,15.6463137,Sudan,Africa,0.511,underdeveloped,0.2988548278808594,urban_medium_density
SpaceNet_AOI5_RGB-PanSharpen_AOI_5_Khartoum_img1171_0_0,images/SpaceNet_AOI5_RGB-PanSharpen_AOI_5_Khartoum_img1171_0_0.png,labels/SpaceNet_AOI5_RGB-PanSharpen_AOI_5_Khartoum_img1171_0_0.png,SpaceNet_AOI5,RGB-PanSharpen_AOI_5_Khartoum_img1171.tif,0.5,512,512,0,0,32.5569159,15.7270437,Sudan,Africa,0.511,underdeveloped,0.1941909790039062,urban_medium_density
SpaceNet_AOI5_RGB-PanSharpen_AOI_5_Khartoum_img1100_0_0,images/SpaceNet_AOI5_RGB-PanSharpen_AOI_5_Khartoum_img1100_0_0.png,labels/SpaceNet_AOI5_RGB-PanSharpen_AOI_5_Khartoum_img1100_0_0.png,SpaceNet_AOI5,RGB-PanSharpen_AOI_5_Khartoum_img1100.tif,0.5,512,512,0,0,32.5569159,15.5673386999,Sudan,Africa,0.511,underdeveloped,0.0693435668945312,suburban
SpaceNet_AOI5_RGB-PanSharpen_AOI_5_Khartoum_img1111_0_0,images/SpaceNet_AOI5_RGB-PanSharpen_AOI_5_Khartoum_img1111_0_0.png,labels/SpaceNet_AOI5_RGB-PanSharpen_AOI_5_Khartoum_img1111_0_0.png,SpaceNet_AOI5,RGB-PanSharpen_AOI_5_Khartoum_img1111.tif,0.5,512,512,0,0,32.5569159,15.6182337,Sudan,Africa,0.511,underdeveloped,0.1568260192871093,urban_medium_density
SpaceNet_AOI5_RGB-PanSharpen_AOI_5_Khartoum_img437_0_0,images/SpaceNet_AOI5_RGB-PanSharpen_AOI_5_Khartoum_img437_0_0.png,labels/SpaceNet_AOI5_RGB-PanSharpen_AOI_5_Khartoum_img437_0_0.png,SpaceNet_AOI5,RGB-PanSharpen_AOI_5_Khartoum_img437.tif,0.5,512,512,0,0,32.5411209,15.6305187,Sudan,Africa,0.511,underdeveloped,0.0023918151855468,sparse
SpaceNet_AOI5_RGB-PanSharpen_AOI_5_Khartoum_img406_0_0,images/SpaceNet_AOI5_RGB-PanSharpen_AOI_5_Khartoum_img406_0_0.png,labels/SpaceNet_AOI5_RGB-PanSharpen_AOI_5_Khartoum_img406_0_0.png,SpaceNet_AOI5,RGB-PanSharpen_AOI_5_Khartoum_img406.tif,0.5,512,512,0,0,32.537610900000004,15.6849237,Sudan,Africa,0.511,underdeveloped,0.0190811157226562,rural
SpaceNet_AOI5_RGB-PanSharpen_AOI_5_Khartoum_img112_0_0,images/SpaceNet_AOI5_RGB-PanSharpen_AOI_5_Khartoum_img112_0_0.png,labels/SpaceNet_AOI5_RGB-PanSharpen_AOI_5_Khartoum_img112_0_0.png,SpaceNet_AOI5,RGB-PanSharpen_AOI_5_Khartoum_img112.tif,0.5,512,512,0,0,32.5042659,15.5269736999,Sudan,Africa,0.511,underdeveloped,0.2093963623046875,urban_medium_density
SpaceNet_AOI5_RGB-PanSharpen_AOI_5_Khartoum_img923_0_0,images/SpaceNet_AOI5_RGB-PanSharpen_AOI_5_Khartoum_img923_0_0.png,labels/SpaceNet_AOI5_RGB-PanSharpen_AOI_5_Khartoum_img923_0_0.png,SpaceNet_AOI5,RGB-PanSharpen_AOI_5_Khartoum_img923.tif,0.5,512,512,0,0,32.5534059,15.6621087,Sudan,Africa,0.511,underdeveloped,0.3020362854003906,urban_high_density
SpaceNet_AOI5_RGB-PanSharpen_AOI_5_Khartoum_img153_0_0,images/SpaceNet_AOI5_RGB-PanSharpen_AOI_5_Khartoum_img153_0_0.png,labels/SpaceNet_AOI5_RGB-PanSharpen_AOI_5_Khartoum_img153_0_0.png,SpaceNet_AOI5,RGB-PanSharpen_AOI_5_Khartoum_img153.tif,0.5,512,512,0,0,32.5077759,15.5234636999,Sudan,Africa,0.511,underdeveloped,0.1255149841308593,suburban
SpaceNet_AOI5_RGB-PanSharpen_AOI_5_Khartoum_img1532_0_0,images/SpaceNet_AOI5_RGB-PanSharpen_AOI_5_Khartoum_img1532_0_0.png,labels/SpaceNet_AOI5_RGB-PanSharpen_AOI_5_Khartoum_img1532_0_0.png,SpaceNet_AOI5,RGB-PanSharpen_AOI_5_Khartoum_img1532.tif,0.5,512,512,0,0,32.563935900000004,15.5778686999,Sudan,Africa,0.511,underdeveloped,0.2230873107910156,urban_medium_density
SpaceNet_AOI5_RGB-PanSharpen_AOI_5_Khartoum_img1491_0_0,images/SpaceNet_AOI5_RGB-PanSharpen_AOI_5_Khartoum_img1491_0_0.png,labels/SpaceNet_AOI5_RGB-PanSharpen_AOI_5_Khartoum_img1491_0_0.png,SpaceNet_AOI5,RGB-PanSharpen_AOI_5_Khartoum_img1491.tif,0.5,512,512,0,0,32.5621809,15.7323087,Sudan,Africa,0.511,underdeveloped,0.0380516052246093,rural
SpaceNet_AOI5_RGB-PanSharpen_AOI_5_Khartoum_img1262_0_0,images/SpaceNet_AOI5_RGB-PanSharpen_AOI_5_Khartoum_img1262_0_0.png,labels/SpaceNet_AOI5_RGB-PanSharpen_AOI_5_Khartoum_img1262_0_0.png,SpaceNet_AOI5,RGB-PanSharpen_AOI_5_Khartoum_img1262.tif,0.5,512,512,0,0,32.5586709,15.6743937,Sudan,Africa,0.511,underdeveloped,0.006011962890625,sparse
SpaceNet_AOI5_RGB-PanSharpen_AOI_5_Khartoum_img1683_0_0,images/SpaceNet_AOI5_RGB-PanSharpen_AOI_5_Khartoum_img1683_0_0.png,labels/SpaceNet_AOI5_RGB-PanSharpen_AOI_5_Khartoum_img1683_0_0.png,SpaceNet_AOI5,RGB-PanSharpen_AOI_5_Khartoum_img1683.tif,0.5,512,512,0,0,32.5656909,15.7287987,Sudan,Africa,0.511,underdeveloped,0.0059814453125,sparse
SpaceNet_AOI5_RGB-PanSharpen_AOI_5_Khartoum_img344_0_0,images/SpaceNet_AOI5_RGB-PanSharpen_AOI_5_Khartoum_img344_0_0.png,labels/SpaceNet_AOI5_RGB-PanSharpen_AOI_5_Khartoum_img344_0_0.png,SpaceNet_AOI5,RGB-PanSharpen_AOI_5_Khartoum_img344.tif,0.5,512,512,0,0,32.5323459,15.6445587,Sudan,Africa,0.511,underdeveloped,0.5770683288574219,urban_high_density
SpaceNet_AOI5_RGB-PanSharpen_AOI_5_Khartoum_img421_0_0,images/SpaceNet_AOI5_RGB-PanSharpen_AOI_5_Khartoum_img421_0_0.png,labels/SpaceNet_AOI5_RGB-PanSharpen_AOI_5_Khartoum_img421_0_0.png,SpaceNet_AOI5,RGB-PanSharpen_AOI_5_Khartoum_img421.tif,0.5,512,512,0,0,32.5393659,15.6463137,Sudan,Africa,0.511,underdeveloped,0.3221282958984375,urban_high_density
SpaceNet_AOI5_RGB-PanSharpen_AOI_5_Khartoum_img681_0_0,images/SpaceNet_AOI5_RGB-PanSharpen_AOI_5_Khartoum_img681_0_0.png,labels/SpaceNet_AOI5_RGB-PanSharpen_AOI_5_Khartoum_img681_0_0.png,SpaceNet_AOI5,RGB-PanSharpen_AOI_5_Khartoum_img681.tif,0.5,512,512,0,0,32.5498959,15.5181986999,Sudan,Africa,0.511,underdeveloped,0.0469703674316406,rural
SpaceNet_AOI5_RGB-PanSharpen_AOI_5_Khartoum_img1004_0_0,images/SpaceNet_AOI5_RGB-PanSharpen_AOI_5_Khartoum_img1004_0_0.png,labels/SpaceNet_AOI5_RGB-PanSharpen_AOI_5_Khartoum_img1004_0_0.png,SpaceNet_AOI5,RGB-PanSharpen_AOI_5_Khartoum_img1004.tif,0.5,512,512,0,0,32.555160900000004,15.6252537,Sudan,Africa,0.511,underdeveloped,0.1514739990234375,urban_medium_density
SpaceNet_AOI5_RGB-PanSharpen_AOI_5_Khartoum_img1081_0_0,images/SpaceNet_AOI5_RGB-PanSharpen_AOI_5_Khartoum_img1081_0_0.png,labels/SpaceNet_AOI5_RGB-PanSharpen_AOI_5_Khartoum_img1081_0_0.png,SpaceNet_AOI5,RGB-PanSharpen_AOI_5_Khartoum_img1081.tif,0.5,512,512,0,0,32.5569159,15.5339936999,Sudan,Africa,0.511,underdeveloped,0.4347572326660156,urban_high_density
SpaceNet_AOI5_RGB-PanSharpen_AOI_5_Khartoum_img186_0_0,images/SpaceNet_AOI5_RGB-PanSharpen_AOI_5_Khartoum_img186_0_0.png,labels/SpaceNet_AOI5_RGB-PanSharpen_AOI_5_Khartoum_img186_0_0.png,SpaceNet_AOI5,RGB-PanSharpen_AOI_5_Khartoum_img186.tif,0.5,512,512,0,0,32.5095309,15.5445236999,Sudan,Africa,0.511,underdeveloped,0.0574989318847656,suburban
SpaceNet_AOI5_RGB-PanSharpen_AOI_5_Khartoum_img150_0_0,images/SpaceNet_AOI5_RGB-PanSharpen_AOI_5_Khartoum_img150_0_0.png,labels/SpaceNet_AOI5_RGB-PanSharpen_AOI_5_Khartoum_img150_0_0.png,SpaceNet_AOI5,RGB-PanSharpen_AOI_5_Khartoum_img150.tif,0.5,512,512,0,0,32.5077759,15.5181986999,Sudan,Africa,0.511,underdeveloped,0.1923065185546875,urban_medium_density
SpaceNet_AOI5_RGB-PanSharpen_AOI_5_Khartoum_img687_0_0,images/SpaceNet_AOI5_RGB-PanSharpen_AOI_5_Khartoum_img687_0_0.png,labels/SpaceNet_AOI5_RGB-PanSharpen_AOI_5_Khartoum_img687_0_0.png,SpaceNet_AOI5,RGB-PanSharpen_AOI_5_Khartoum_img687.tif,0.5,512,512,0,0,32.5498959,15.5287286999,Sudan,Africa,0.511,underdeveloped,0.3049430847167969,urban_high_density
SpaceNet_AOI5_RGB-PanSharpen_AOI_5_Khartoum_img1152_0_0,images/SpaceNet_AOI5_RGB-PanSharpen_AOI_5_Khartoum_img1152_0_0.png,labels/SpaceNet_AOI5_RGB-PanSharpen_AOI_5_Khartoum_img1152_0_0.png,SpaceNet_AOI5,RGB-PanSharpen_AOI_5_Khartoum_img1152.tif,0.5,512,512,0,0,32.5569159,15.6936987,Sudan,Africa,0.511,underdeveloped,0.1709480285644531,urban_medium_density
SpaceNet_AOI5_RGB-PanSharpen_AOI_5_Khartoum_img696_0_0,images/SpaceNet_AOI5_RGB-PanSharpen_AOI_5_Khartoum_img696_0_0.png,labels/SpaceNet_AOI5_RGB-PanSharpen_AOI_5_Khartoum_img696_0_0.png,SpaceNet_AOI5,RGB-PanSharpen_AOI_5_Khartoum_img696.tif,0.5,512,512,0,0,32.5498959,15.5445236999,Sudan,Africa,0.511,underdeveloped,0.1811103820800781,urban_medium_density
SpaceNet_AOI5_RGB-PanSharpen_AOI_5_Khartoum_img926_0_0,images/SpaceNet_AOI5_RGB-PanSharpen_AOI_5_Khartoum_img926_0_0.png,labels/SpaceNet_AOI5_RGB-PanSharpen_AOI_5_Khartoum_img926_0_0.png,SpaceNet_AOI5,RGB-PanSharpen_AOI_5_Khartoum_img926.tif,0.5,512,512,0,0,32.5534059,15.6673737,Sudan,Africa,0.511,underdeveloped,0.2085418701171875,urban_medium_density
SpaceNet_AOI5_RGB-PanSharpen_AOI_5_Khartoum_img850_0_0,images/SpaceNet_AOI5_RGB-PanSharpen_AOI_5_Khartoum_img850_0_0.png,labels/SpaceNet_AOI5_RGB-PanSharpen_AOI_5_Khartoum_img850_0_0.png,SpaceNet_AOI5,RGB-PanSharpen_AOI_5_Khartoum_img850.tif,0.5,512,512,0,0,32.5516509,15.7147587,Sudan,Africa,0.511,underdeveloped,0.0386161804199218,rural
SpaceNet_AOI5_RGB-PanSharpen_AOI_5_Khartoum_img291_0_0,images/SpaceNet_AOI5_RGB-PanSharpen_AOI_5_Khartoum_img291_0_0.png,labels/SpaceNet_AOI5_RGB-PanSharpen_AOI_5_Khartoum_img291_0_0.png,SpaceNet_AOI5,RGB-PanSharpen_AOI_5_Khartoum_img291.tif,0.5,512,512,0,0,32.5235709,15.5427686999,Sudan,Africa,0.511,underdeveloped,0.5632858276367188,urban_high_density
SpaceNet_AOI5_RGB-PanSharpen_AOI_5_Khartoum_img872_0_0,images/SpaceNet_AOI5_RGB-PanSharpen_AOI_5_Khartoum_img872_0_0.png,labels/SpaceNet_AOI5_RGB-PanSharpen_AOI_5_Khartoum_img872_0_0.png,SpaceNet_AOI5,RGB-PanSharpen_AOI_5_Khartoum_img872.tif,0.5,512,512,0,0,32.5534059,15.5287286999,Sudan,Africa,0.511,underdeveloped,0.3192100524902344,urban_high_density
SpaceNet_AOI5_RGB-PanSharpen_AOI_5_Khartoum_img1122_0_0,images/SpaceNet_AOI5_RGB-PanSharpen_AOI_5_Khartoum_img1122_0_0.png,labels/SpaceNet_AOI5_RGB-PanSharpen_AOI_5_Khartoum_img1122_0_0.png,SpaceNet_AOI5,RGB-PanSharpen_AOI_5_Khartoum_img1122.tif,0.5,512,512,0,0,32.5569159,15.6375387,Sudan,Africa,0.511,underdeveloped,0.6026954650878906,urban_high_density
SpaceNet_AOI5_RGB-PanSharpen_AOI_5_Khartoum_img1012_0_0,images/SpaceNet_AOI5_RGB-PanSharpen_AOI_5_Khartoum_img1012_0_0.png,labels/SpaceNet_AOI5_RGB-PanSharpen_AOI_5_Khartoum_img1012_0_0.png,SpaceNet_AOI5,RGB-PanSharpen_AOI_5_Khartoum_img1012.tif,0.5,512,512,0,0,32.555160900000004,15.6392937,Sudan,Africa,0.511,underdeveloped,0.36553955078125,urban_high_density
SpaceNet_AOI5_RGB-PanSharpen_AOI_5_Khartoum_img1327_0_0,images/SpaceNet_AOI5_RGB-PanSharpen_AOI_5_Khartoum_img1327_0_0.png,labels/SpaceNet_AOI5_RGB-PanSharpen_AOI_5_Khartoum_img1327_0_0.png,SpaceNet_AOI5,RGB-PanSharpen_AOI_5_Khartoum_img1327.tif,0.5,512,512,0,0,32.5604259,15.5796236999,Sudan,Africa,0.511,underdeveloped,0.0050735473632812,sparse
SpaceNet_AOI5_RGB-PanSharpen_AOI_5_Khartoum_img234_0_0,images/SpaceNet_AOI5_RGB-PanSharpen_AOI_5_Khartoum_img234_0_0.png,labels/SpaceNet_AOI5_RGB-PanSharpen_AOI_5_Khartoum_img234_0_0.png,SpaceNet_AOI5,RGB-PanSharpen_AOI_5_Khartoum_img234.tif,0.5,512,512,0,0,32.5147959,15.5199536999,Sudan,Africa,0.511,underdeveloped,0.3082618713378906,urban_high_density
SpaceNet_AOI5_RGB-PanSharpen_AOI_5_Khartoum_img812_0_0,images/SpaceNet_AOI5_RGB-PanSharpen_AOI_5_Khartoum_img812_0_0.png,labels/SpaceNet_AOI5_RGB-PanSharpen_AOI_5_Khartoum_img812_0_0.png,SpaceNet_AOI5,RGB-PanSharpen_AOI_5_Khartoum_img812.tif,0.5,512,512,0,0,32.5516509,15.6428037,Sudan,Africa,0.511,underdeveloped,0.101226806640625,suburban
SpaceNet_AOI5_RGB-PanSharpen_AOI_5_Khartoum_img160_0_0,images/SpaceNet_AOI5_RGB-PanSharpen_AOI_5_Khartoum_img160_0_0.png,labels/SpaceNet_AOI5_RGB-PanSharpen_AOI_5_Khartoum_img160_0_0.png,SpaceNet_AOI5,RGB-PanSharpen_AOI_5_Khartoum_img160.tif,0.5,512,512,0,0,32.5077759,15.5357486999,Sudan,Africa,0.511,underdeveloped,0.2562370300292969,urban_medium_density
SpaceNet_AOI5_RGB-PanSharpen_AOI_5_Khartoum_img1182_0_0,images/SpaceNet_AOI5_RGB-PanSharpen_AOI_5_Khartoum_img1182_0_0.png,labels/SpaceNet_AOI5_RGB-PanSharpen_AOI_5_Khartoum_img1182_0_0.png,SpaceNet_AOI5,RGB-PanSharpen_AOI_5_Khartoum_img1182.tif,0.5,512,512,0,0,32.5586709,15.5199536999,Sudan,Africa,0.511,underdeveloped,0.0660820007324218,suburban
SpaceNet_AOI5_RGB-PanSharpen_AOI_5_Khartoum_img144_0_0,images/SpaceNet_AOI5_RGB-PanSharpen_AOI_5_Khartoum_img144_0_0.png,labels/SpaceNet_AOI5_RGB-PanSharpen_AOI_5_Khartoum_img144_0_0.png,SpaceNet_AOI5,RGB-PanSharpen_AOI_5_Khartoum_img144.tif,0.5,512,512,0,0,32.5060209,15.5445236999,Sudan,Africa,0.511,underdeveloped,0.0545387268066406,suburban
SpaceNet_AOI5_RGB-PanSharpen_AOI_5_Khartoum_img233_0_0,images/SpaceNet_AOI5_RGB-PanSharpen_AOI_5_Khartoum_img233_0_0.png,labels/SpaceNet_AOI5_RGB-PanSharpen_AOI_5_Khartoum_img233_0_0.png,SpaceNet_AOI5,RGB-PanSharpen_AOI_5_Khartoum_img233.tif,0.5,512,512,0,0,32.5147959,15.5181986999,Sudan,Africa,0.511,underdeveloped,0.28955078125,urban_medium_density
SpaceNet_AOI5_RGB-PanSharpen_AOI_5_Khartoum_img1044_0_0,images/SpaceNet_AOI5_RGB-PanSharpen_AOI_5_Khartoum_img1044_0_0.png,labels/SpaceNet_AOI5_RGB-PanSharpen_AOI_5_Khartoum_img1044_0_0.png,SpaceNet_AOI5,RGB-PanSharpen_AOI_5_Khartoum_img1044.tif,0.5,512,512,0,0,32.555160900000004,15.6954537,Sudan,Africa,0.511,underdeveloped,0.3719329833984375,urban_high_density
SpaceNet_AOI5_RGB-PanSharpen_AOI_5_Khartoum_img1354_0_0,images/SpaceNet_AOI5_RGB-PanSharpen_AOI_5_Khartoum_img1354_0_0.png,labels/SpaceNet_AOI5_RGB-PanSharpen_AOI_5_Khartoum_img1354_0_0.png,SpaceNet_AOI5,RGB-PanSharpen_AOI_5_Khartoum_img1354.tif,0.5,512,512,0,0,32.5604259,15.6375387,Sudan,Africa,0.511,underdeveloped,0.3309249877929687,urban_high_density
SpaceNet_AOI5_RGB-PanSharpen_AOI_5_Khartoum_img1631_0_0,images/SpaceNet_AOI5_RGB-PanSharpen_AOI_5_Khartoum_img1631_0_0.png,labels/SpaceNet_AOI5_RGB-PanSharpen_AOI_5_Khartoum_img1631_0_0.png,SpaceNet_AOI5,RGB-PanSharpen_AOI_5_Khartoum_img1631.tif,0.5,512,512,0,0,32.5656909,15.5813786999,Sudan,Africa,0.511,underdeveloped,0.0757179260253906,suburban
SpaceNet_AOI5_RGB-PanSharpen_AOI_5_Khartoum_img86_0_0,images/SpaceNet_AOI5_RGB-PanSharpen_AOI_5_Khartoum_img86_0_0.png,labels/SpaceNet_AOI5_RGB-PanSharpen_AOI_5_Khartoum_img86_0_0.png,SpaceNet_AOI5,RGB-PanSharpen_AOI_5_Khartoum_img86.tif,0.5,512,512,0,0,32.502510900000004,15.5199536999,Sudan,Africa,0.511,underdeveloped,0.2464675903320312,urban_medium_density
SpaceNet_AOI5_RGB-PanSharpen_AOI_5_Khartoum_img1560_0_0,images/SpaceNet_AOI5_RGB-PanSharpen_AOI_5_Khartoum_img1560_0_0.png,labels/SpaceNet_AOI5_RGB-PanSharpen_AOI_5_Khartoum_img1560_0_0.png,SpaceNet_AOI5,RGB-PanSharpen_AOI_5_Khartoum_img1560.tif,0.5,512,512,0,0,32.563935900000004,15.6375387,Sudan,Africa,0.511,underdeveloped,0.1871261596679687,urban_medium_density
SpaceNet_AOI5_RGB-PanSharpen_AOI_5_Khartoum_img646_0_0,images/SpaceNet_AOI5_RGB-PanSharpen_AOI_5_Khartoum_img646_0_0.png,labels/SpaceNet_AOI5_RGB-PanSharpen_AOI_5_Khartoum_img646_0_0.png,SpaceNet_AOI5,RGB-PanSharpen_AOI_5_Khartoum_img646.tif,0.5,512,512,0,0,32.5481409,15.6463137,Sudan,Africa,0.511,underdeveloped,0.3711662292480469,urban_high_density
SpaceNet_AOI5_RGB-PanSharpen_AOI_5_Khartoum_img1116_0_0,images/SpaceNet_AOI5_RGB-PanSharpen_AOI_5_Khartoum_img1116_0_0.png,labels/SpaceNet_AOI5_RGB-PanSharpen_AOI_5_Khartoum_img1116_0_0.png,SpaceNet_AOI5,RGB-PanSharpen_AOI_5_Khartoum_img1116.tif,0.5,512,512,0,0,32.5569159,15.6270087,Sudan,Africa,0.511,underdeveloped,0.5792884826660156,urban_high_density
SpaceNet_AOI5_RGB-PanSharpen_AOI_5_Khartoum_img1348_0_0,images/SpaceNet_AOI5_RGB-PanSharpen_AOI_5_Khartoum_img1348_0_0.png,labels/SpaceNet_AOI5_RGB-PanSharpen_AOI_5_Khartoum_img1348_0_0.png,SpaceNet_AOI5,RGB-PanSharpen_AOI_5_Khartoum_img1348.tif,0.5,512,512,0,0,32.5604259,15.6270087,Sudan,Africa,0.511,underdeveloped,0.2713584899902344,urban_medium_density
SpaceNet_AOI5_RGB-PanSharpen_AOI_5_Khartoum_img804_0_0,images/SpaceNet_AOI5_RGB-PanSharpen_AOI_5_Khartoum_img804_0_0.png,labels/SpaceNet_AOI5_RGB-PanSharpen_AOI_5_Khartoum_img804_0_0.png,SpaceNet_AOI5,RGB-PanSharpen_AOI_5_Khartoum_img804.tif,0.5,512,512,0,0,32.5516509,15.6287637,Sudan,Africa,0.511,underdeveloped,0.2656822204589844,urban_medium_density
SpaceNet_AOI5_RGB-PanSharpen_AOI_5_Khartoum_img704_0_0,images/SpaceNet_AOI5_RGB-PanSharpen_AOI_5_Khartoum_img704_0_0.png,labels/SpaceNet_AOI5_RGB-PanSharpen_AOI_5_Khartoum_img704_0_0.png,SpaceNet_AOI5,RGB-PanSharpen_AOI_5_Khartoum_img704.tif,0.5,512,512,0,0,32.5498959,15.5585636999,Sudan,Africa,0.511,underdeveloped,0.170989990234375,urban_medium_density
SpaceNet_AOI5_RGB-PanSharpen_AOI_5_Khartoum_img1468_0_0,images/SpaceNet_AOI5_RGB-PanSharpen_AOI_5_Khartoum_img1468_0_0.png,labels/SpaceNet_AOI5_RGB-PanSharpen_AOI_5_Khartoum_img1468_0_0.png,SpaceNet_AOI5,RGB-PanSharpen_AOI_5_Khartoum_img1468.tif,0.5,512,512,0,0,32.5621809,15.6515787,Sudan,Africa,0.511,underdeveloped,0.1452865600585937,suburban
SpaceNet_AOI5_RGB-PanSharpen_AOI_5_Khartoum_img808_0_0,images/SpaceNet_AOI5_RGB-PanSharpen_AOI_5_Khartoum_img808_0_0.png,labels/SpaceNet_AOI5_RGB-PanSharpen_AOI_5_Khartoum_img808_0_0.png,SpaceNet_AOI5,RGB-PanSharpen_AOI_5_Khartoum_img808.tif,0.5,512,512,0,0,32.5516509,15.6357837,Sudan,Africa,0.511,underdeveloped,0.2774314880371094,urban_medium_density
SpaceNet_AOI5_RGB-PanSharpen_AOI_5_Khartoum_img91_0_0,images/SpaceNet_AOI5_RGB-PanSharpen_AOI_5_Khartoum_img91_0_0.png,labels/SpaceNet_AOI5_RGB-PanSharpen_AOI_5_Khartoum_img91_0_0.png,SpaceNet_AOI5,RGB-PanSharpen_AOI_5_Khartoum_img91.tif,0.5,512,512,0,0,32.502510900000004,15.5287286999,Sudan,Africa,0.511,underdeveloped,0.1995315551757812,urban_medium_density
SpaceNet_AOI5_RGB-PanSharpen_AOI_5_Khartoum_img953_0_0,images/SpaceNet_AOI5_RGB-PanSharpen_AOI_5_Khartoum_img953_0_0.png,labels/SpaceNet_AOI5_RGB-PanSharpen_AOI_5_Khartoum_img953_0_0.png,SpaceNet_AOI5,RGB-PanSharpen_AOI_5_Khartoum_img953.tif,0.5,512,512,0,0,32.5534059,15.7165137,Sudan,Africa,0.511,underdeveloped,0.2057991027832031,urban_medium_density
SpaceNet_AOI5_RGB-PanSharpen_AOI_5_Khartoum_img366_0_0,images/SpaceNet_AOI5_RGB-PanSharpen_AOI_5_Khartoum_img366_0_0.png,labels/SpaceNet_AOI5_RGB-PanSharpen_AOI_5_Khartoum_img366_0_0.png,SpaceNet_AOI5,RGB-PanSharpen_AOI_5_Khartoum_img366.tif,0.5,512,512,0,0,32.5341009,15.6498237,Sudan,Africa,0.511,underdeveloped,0.2692527770996094,urban_medium_density
SpaceNet_AOI5_RGB-PanSharpen_AOI_5_Khartoum_img774_0_0,images/SpaceNet_AOI5_RGB-PanSharpen_AOI_5_Khartoum_img774_0_0.png,labels/SpaceNet_AOI5_RGB-PanSharpen_AOI_5_Khartoum_img774_0_0.png,SpaceNet_AOI5,RGB-PanSharpen_AOI_5_Khartoum_img774.tif,0.5,512,512,0,0,32.5516509,15.5304836999,Sudan,Africa,0.511,underdeveloped,0.2238845825195312,urban_medium_density
SpaceNet_AOI5_RGB-PanSharpen_AOI_5_Khartoum_img1599_0_0,images/SpaceNet_AOI5_RGB-PanSharpen_AOI_5_Khartoum_img1599_0_0.png,labels/SpaceNet_AOI5_RGB-PanSharpen_AOI_5_Khartoum_img1599_0_0.png,SpaceNet_AOI5,RGB-PanSharpen_AOI_5_Khartoum_img1599.tif,0.5,512,512,0,0,32.5656909,15.5252186999,Sudan,Africa,0.511,underdeveloped,0.0023918151855468,sparse
SpaceNet_AOI5_RGB-PanSharpen_AOI_5_Khartoum_img69_0_0,images/SpaceNet_AOI5_RGB-PanSharpen_AOI_5_Khartoum_img69_0_0.png,labels/SpaceNet_AOI5_RGB-PanSharpen_AOI_5_Khartoum_img69_0_0.png,SpaceNet_AOI5,RGB-PanSharpen_AOI_5_Khartoum_img69.tif,0.5,512,512,0,0,32.5007559,15.5217086999,Sudan,Africa,0.511,underdeveloped,0.19110107421875,urban_medium_density
SpaceNet_AOI5_RGB-PanSharpen_AOI_5_Khartoum_img721_0_0,images/SpaceNet_AOI5_RGB-PanSharpen_AOI_5_Khartoum_img721_0_0.png,labels/SpaceNet_AOI5_RGB-PanSharpen_AOI_5_Khartoum_img721_0_0.png,SpaceNet_AOI5,RGB-PanSharpen_AOI_5_Khartoum_img721.tif,0.5,512,512,0,0,32.5498959,15.6428037,Sudan,Africa,0.511,underdeveloped,0.2069282531738281,urban_medium_density
SpaceNet_AOI5_RGB-PanSharpen_AOI_5_Khartoum_img161_0_0,images/SpaceNet_AOI5_RGB-PanSharpen_AOI_5_Khartoum_img161_0_0.png,labels/SpaceNet_AOI5_RGB-PanSharpen_AOI_5_Khartoum_img161_0_0.png,SpaceNet_AOI5,RGB-PanSharpen_AOI_5_Khartoum_img161.tif,0.5,512,512,0,0,32.5077759,15.5375036999,Sudan,Africa,0.511,underdeveloped,0.2352294921875,urban_medium_density
SpaceNet_AOI5_RGB-PanSharpen_AOI_5_Khartoum_img719_0_0,images/SpaceNet_AOI5_RGB-PanSharpen_AOI_5_Khartoum_img719_0_0.png,labels/SpaceNet_AOI5_RGB-PanSharpen_AOI_5_Khartoum_img719_0_0.png,SpaceNet_AOI5,RGB-PanSharpen_AOI_5_Khartoum_img719.tif,0.5,512,512,0,0,32.5498959,15.6392937,Sudan,Africa,0.511,underdeveloped,0.2936592102050781,urban_medium_density
SpaceNet_AOI5_RGB-PanSharpen_AOI_5_Khartoum_img623_0_0,images/SpaceNet_AOI5_RGB-PanSharpen_AOI_5_Khartoum_img623_0_0.png,labels/SpaceNet_AOI5_RGB-PanSharpen_AOI_5_Khartoum_img623_0_0.png,SpaceNet_AOI5,RGB-PanSharpen_AOI_5_Khartoum_img623.tif,0.5,512,512,0,0,32.5481409,15.5497886999,Sudan,Africa,0.511,underdeveloped,0.1837539672851562,urban_medium_density
SpaceNet_AOI5_RGB-PanSharpen_AOI_5_Khartoum_img159_0_0,images/SpaceNet_AOI5_RGB-PanSharpen_AOI_5_Khartoum_img159_0_0.png,labels/SpaceNet_AOI5_RGB-PanSharpen_AOI_5_Khartoum_img159_0_0.png,SpaceNet_AOI5,RGB-PanSharpen_AOI_5_Khartoum_img159.tif,0.5,512,512,0,0,32.5077759,15.5339936999,Sudan,Africa,0.511,underdeveloped,0.2727394104003906,urban_medium_density
SpaceNet_AOI5_RGB-PanSharpen_AOI_5_Khartoum_img538_0_0,images/SpaceNet_AOI5_RGB-PanSharpen_AOI_5_Khartoum_img538_0_0.png,labels/SpaceNet_AOI5_RGB-PanSharpen_AOI_5_Khartoum_img538_0_0.png,SpaceNet_AOI5,RGB-PanSharpen_AOI_5_Khartoum_img538.tif,0.5,512,512,0,0,32.5446309,15.6901887,Sudan,Africa,0.511,underdeveloped,0.1450042724609375,suburban
SpaceNet_AOI5_RGB-PanSharpen_AOI_5_Khartoum_img1008_0_0,images/SpaceNet_AOI5_RGB-PanSharpen_AOI_5_Khartoum_img1008_0_0.png,labels/SpaceNet_AOI5_RGB-PanSharpen_AOI_5_Khartoum_img1008_0_0.png,SpaceNet_AOI5,RGB-PanSharpen_AOI_5_Khartoum_img1008.tif,0.5,512,512,0,0,32.555160900000004,15.6322737,Sudan,Africa,0.511,underdeveloped,0.3129196166992187,urban_high_density
SpaceNet_AOI5_RGB-PanSharpen_AOI_5_Khartoum_img223_0_0,images/SpaceNet_AOI5_RGB-PanSharpen_AOI_5_Khartoum_img223_0_0.png,labels/SpaceNet_AOI5_RGB-PanSharpen_AOI_5_Khartoum_img223_0_0.png,SpaceNet_AOI5,RGB-PanSharpen_AOI_5_Khartoum_img223.tif,0.5,512,512,0,0,32.5130409,15.5392586999,Sudan,Africa,0.511,underdeveloped,0.0556983947753906,suburban
SpaceNet_AOI5_RGB-PanSharpen_AOI_5_Khartoum_img1240_0_0,images/SpaceNet_AOI5_RGB-PanSharpen_AOI_5_Khartoum_img1240_0_0.png,labels/SpaceNet_AOI5_RGB-PanSharpen_AOI_5_Khartoum_img1240_0_0.png,SpaceNet_AOI5,RGB-PanSharpen_AOI_5_Khartoum_img1240.tif,0.5,512,512,0,0,32.5586709,15.6357837,Sudan,Africa,0.511,underdeveloped,0.0529632568359375,suburban
SpaceNet_AOI5_RGB-PanSharpen_AOI_5_Khartoum_img39_0_0,images/SpaceNet_AOI5_RGB-PanSharpen_AOI_5_Khartoum_img39_0_0.png,labels/SpaceNet_AOI5_RGB-PanSharpen_AOI_5_Khartoum_img39_0_0.png,SpaceNet_AOI5,RGB-PanSharpen_AOI_5_Khartoum_img39.tif,0.5,512,512,0,0,32.4972459,15.5217086999,Sudan,Africa,0.511,underdeveloped,0.2193870544433593,urban_medium_density
SpaceNet_AOI5_RGB-PanSharpen_AOI_5_Khartoum_img1159_0_0,images/SpaceNet_AOI5_RGB-PanSharpen_AOI_5_Khartoum_img1159_0_0.png,labels/SpaceNet_AOI5_RGB-PanSharpen_AOI_5_Khartoum_img1159_0_0.png,SpaceNet_AOI5,RGB-PanSharpen_AOI_5_Khartoum_img1159.tif,0.5,512,512,0,0,32.5569159,15.7059837,Sudan,Africa,0.511,underdeveloped,0.3012046813964844,urban_high_density
SpaceNet_AOI5_RGB-PanSharpen_AOI_5_Khartoum_img22_0_0,images/SpaceNet_AOI5_RGB-PanSharpen_AOI_5_Khartoum_img22_0_0.png,labels/SpaceNet_AOI5_RGB-PanSharpen_AOI_5_Khartoum_img22_0_0.png,SpaceNet_AOI5,RGB-PanSharpen_AOI_5_Khartoum_img22.tif,0.5,512,512,0,0,32.493735900000004,15.5146886999,Sudan,Africa,0.511,underdeveloped,0.0500984191894531,suburban
SpaceNet_AOI5_RGB-PanSharpen_AOI_5_Khartoum_img975_0_0,images/SpaceNet_AOI5_RGB-PanSharpen_AOI_5_Khartoum_img975_0_0.png,labels/SpaceNet_AOI5_RGB-PanSharpen_AOI_5_Khartoum_img975_0_0.png,SpaceNet_AOI5,RGB-PanSharpen_AOI_5_Khartoum_img975.tif,0.5,512,512,0,0,32.555160900000004,15.5304836999,Sudan,Africa,0.511,underdeveloped,0.3164100646972656,urban_high_density
SpaceNet_AOI5_RGB-PanSharpen_AOI_5_Khartoum_img711_0_0,images/SpaceNet_AOI5_RGB-PanSharpen_AOI_5_Khartoum_img711_0_0.png,labels/SpaceNet_AOI5_RGB-PanSharpen_AOI_5_Khartoum_img711_0_0.png,SpaceNet_AOI5,RGB-PanSharpen_AOI_5_Khartoum_img711.tif,0.5,512,512,0,0,32.5498959,15.6252537,Sudan,Africa,0.511,underdeveloped,0.2290763854980468,urban_medium_density
SpaceNet_AOI5_RGB-PanSharpen_AOI_5_Khartoum_img579_0_0,images/SpaceNet_AOI5_RGB-PanSharpen_AOI_5_Khartoum_img579_0_0.png,labels/SpaceNet_AOI5_RGB-PanSharpen_AOI_5_Khartoum_img579_0_0.png,SpaceNet_AOI5,RGB-PanSharpen_AOI_5_Khartoum_img579.tif,0.5,512,512,0,0,32.546385900000004,15.6480687,Sudan,Africa,0.511,underdeveloped,0.2220039367675781,urban_medium_density
SpaceNet_AOI5_RGB-PanSharpen_AOI_5_Khartoum_img1643_0_0,images/SpaceNet_AOI5_RGB-PanSharpen_AOI_5_Khartoum_img1643_0_0.png,labels/SpaceNet_AOI5_RGB-PanSharpen_AOI_5_Khartoum_img1643_0_0.png,SpaceNet_AOI5,RGB-PanSharpen_AOI_5_Khartoum_img1643.tif,0.5,512,512,0,0,32.5656909,15.6024387,Sudan,Africa,0.511,underdeveloped,0.072540283203125,suburban
SpaceNet_AOI5_RGB-PanSharpen_AOI_5_Khartoum_img100_0_0,images/SpaceNet_AOI5_RGB-PanSharpen_AOI_5_Khartoum_img100_0_0.png,labels/SpaceNet_AOI5_RGB-PanSharpen_AOI_5_Khartoum_img100_0_0.png,SpaceNet_AOI5,RGB-PanSharpen_AOI_5_Khartoum_img100.tif,0.5,512,512,0,0,32.502510900000004,15.5445236999,Sudan,Africa,0.511,underdeveloped,0.1028861999511718,suburban
SpaceNet_AOI5_RGB-PanSharpen_AOI_5_Khartoum_img1575_0_0,images/SpaceNet_AOI5_RGB-PanSharpen_AOI_5_Khartoum_img1575_0_0.png,labels/SpaceNet_AOI5_RGB-PanSharpen_AOI_5_Khartoum_img1575_0_0.png,SpaceNet_AOI5,RGB-PanSharpen_AOI_5_Khartoum_img1575.tif,0.5,512,512,0,0,32.563935900000004,15.6638637,Sudan,Africa,0.511,underdeveloped,0.1728668212890625,urban_medium_density
SpaceNet_AOI5_RGB-PanSharpen_AOI_5_Khartoum_img253_0_0,images/SpaceNet_AOI5_RGB-PanSharpen_AOI_5_Khartoum_img253_0_0.png,labels/SpaceNet_AOI5_RGB-PanSharpen_AOI_5_Khartoum_img253_0_0.png,SpaceNet_AOI5,RGB-PanSharpen_AOI_5_Khartoum_img253.tif,0.5,512,512,0,0,32.5165509,15.5445236999,Sudan,Africa,0.511,underdeveloped,0.0139617919921875,rural
SpaceNet_AOI5_RGB-PanSharpen_AOI_5_Khartoum_img1349_0_0,images/SpaceNet_AOI5_RGB-PanSharpen_AOI_5_Khartoum_img1349_0_0.png,labels/SpaceNet_AOI5_RGB-PanSharpen_AOI_5_Khartoum_img1349_0_0.png,SpaceNet_AOI5,RGB-PanSharpen_AOI_5_Khartoum_img1349.tif,0.5,512,512,0,0,32.5604259,15.6287637,Sudan,Africa,0.511,underdeveloped,0.4304428100585937,urban_high_density
SpaceNet_AOI5_RGB-PanSharpen_AOI_5_Khartoum_img196_0_0,images/SpaceNet_AOI5_RGB-PanSharpen_AOI_5_Khartoum_img196_0_0.png,labels/SpaceNet_AOI5_RGB-PanSharpen_AOI_5_Khartoum_img196_0_0.png,SpaceNet_AOI5,RGB-PanSharpen_AOI_5_Khartoum_img196.tif,0.5,512,512,0,0,32.511285900000004,15.5252186999,Sudan,Africa,0.511,underdeveloped,0.2775382995605469,urban_medium_density
SpaceNet_AOI5_RGB-PanSharpen_AOI_5_Khartoum_img155_0_0,images/SpaceNet_AOI5_RGB-PanSharpen_AOI_5_Khartoum_img155_0_0.png,labels/SpaceNet_AOI5_RGB-PanSharpen_AOI_5_Khartoum_img155_0_0.png,SpaceNet_AOI5,RGB-PanSharpen_AOI_5_Khartoum_img155.tif,0.5,512,512,0,0,32.5077759,15.5269736999,Sudan,Africa,0.511,underdeveloped,0.2466888427734375,urban_medium_density
SpaceNet_AOI5_RGB-PanSharpen_AOI_5_Khartoum_img555_0_0,images/SpaceNet_AOI5_RGB-PanSharpen_AOI_5_Khartoum_img555_0_0.png,labels/SpaceNet_AOI5_RGB-PanSharpen_AOI_5_Khartoum_img555_0_0.png,SpaceNet_AOI5,RGB-PanSharpen_AOI_5_Khartoum_img555.tif,0.5,512,512,0,0,32.546385900000004,15.5497886999,Sudan,Africa,0.511,underdeveloped,0.0194435119628906,rural
SpaceNet_AOI5_RGB-PanSharpen_AOI_5_Khartoum_img952_0_0,images/SpaceNet_AOI5_RGB-PanSharpen_AOI_5_Khartoum_img952_0_0.png,labels/SpaceNet_AOI5_RGB-PanSharpen_AOI_5_Khartoum_img952_0_0.png,SpaceNet_AOI5,RGB-PanSharpen_AOI_5_Khartoum_img952.tif,0.5,512,512,0,0,32.5534059,15.7147587,Sudan,Africa,0.511,underdeveloped,0.3070411682128906,urban_high_density
SpaceNet_AOI5_RGB-PanSharpen_AOI_5_Khartoum_img414_0_0,images/SpaceNet_AOI5_RGB-PanSharpen_AOI_5_Khartoum_img414_0_0.png,labels/SpaceNet_AOI5_RGB-PanSharpen_AOI_5_Khartoum_img414_0_0.png,SpaceNet_AOI5,RGB-PanSharpen_AOI_5_Khartoum_img414.tif,0.5,512,512,0,0,32.5393659,15.6340287,Sudan,Africa,0.511,underdeveloped,0.4173088073730469,urban_high_density
SpaceNet_AOI5_RGB-PanSharpen_AOI_5_Khartoum_img709_0_0,images/SpaceNet_AOI5_RGB-PanSharpen_AOI_5_Khartoum_img709_0_0.png,labels/SpaceNet_AOI5_RGB-PanSharpen_AOI_5_Khartoum_img709_0_0.png,SpaceNet_AOI5,RGB-PanSharpen_AOI_5_Khartoum_img709.tif,0.5,512,512,0,0,32.5498959,15.6217437,Sudan,Africa,0.511,underdeveloped,0.0153236389160156,rural
SpaceNet_AOI5_RGB-PanSharpen_AOI_5_Khartoum_img204_0_0,images/SpaceNet_AOI5_RGB-PanSharpen_AOI_5_Khartoum_img204_0_0.png,labels/SpaceNet_AOI5_RGB-PanSharpen_AOI_5_Khartoum_img204_0_0.png,SpaceNet_AOI5,RGB-PanSharpen_AOI_5_Khartoum_img204.tif,0.5,512,512,0,0,32.511285900000004,15.5392586999,Sudan,Africa,0.511,underdeveloped,0.0329818725585937,rural
SpaceNet_AOI5_RGB-PanSharpen_AOI_5_Khartoum_img459_0_0,images/SpaceNet_AOI5_RGB-PanSharpen_AOI_5_Khartoum_img459_0_0.png,labels/SpaceNet_AOI5_RGB-PanSharpen_AOI_5_Khartoum_img459_0_0.png,SpaceNet_AOI5,RGB-PanSharpen_AOI_5_Khartoum_img459.tif,0.5,512,512,0,0,32.5411209,15.6972087,Sudan,Africa,0.511,underdeveloped,0.0016899108886718,sparse
SpaceNet_AOI5_RGB-PanSharpen_AOI_5_Khartoum_img333_0_0,images/SpaceNet_AOI5_RGB-PanSharpen_AOI_5_Khartoum_img333_0_0.png,labels/SpaceNet_AOI5_RGB-PanSharpen_AOI_5_Khartoum_img333_0_0.png,SpaceNet_AOI5,RGB-PanSharpen_AOI_5_Khartoum_img333.tif,0.5,512,512,0,0,32.5323459,15.5375036999,Sudan,Africa,0.511,underdeveloped,0.3733749389648437,urban_high_density
SpaceNet_AOI5_RGB-PanSharpen_AOI_5_Khartoum_img636_0_0,images/SpaceNet_AOI5_RGB-PanSharpen_AOI_5_Khartoum_img636_0_0.png,labels/SpaceNet_AOI5_RGB-PanSharpen_AOI_5_Khartoum_img636_0_0.png,SpaceNet_AOI5,RGB-PanSharpen_AOI_5_Khartoum_img636.tif,0.5,512,512,0,0,32.5481409,15.6287637,Sudan,Africa,0.511,underdeveloped,0.429931640625,urban_high_density
Inria_tyrol-w29_3840_2048,images/Inria_tyrol-w29_3840_2048.png,labels/Inria_tyrol-w29_3840_2048.png,Inria,tyrol-w29.tif,0.3,512,512,3840,2048,10.714512681438906,47.48933724742905,Austria,Europe,0.93,developed,0.2564430236816406,urban_medium_density
Inria_vienna18_256_2560,images/Inria_vienna18_256_2560.png,labels/Inria_vienna18_256_2560.png,Inria,vienna18.tif,0.3,512,512,256,2560,16.41320487170764,48.20432792094214,Austria,Europe,0.93,developed,0.1444473266601562,suburban
Inria_tyrol-w31_2816_1024,images/Inria_tyrol-w31_2816_1024.png,labels/Inria_tyrol-w31_2816_1024.png,Inria,tyrol-w31.tif,0.3,512,512,2816,1024,10.694516655194564,47.47590992517153,Austria,Europe,0.93,developed,0.0783576965332031,suburban
Inria_vienna27_3072_3840,images/Inria_vienna27_3072_3840.png,labels/Inria_vienna27_3072_3840.png,Inria,vienna27.tif,0.3,512,512,3072,3840,16.352655808206883,48.17737282647439,Austria,Europe,0.93,developed,0.4276046752929687,urban_high_density
Inria_vienna2_2304_2560,images/Inria_vienna2_2304_2560.png,labels/Inria_vienna2_2304_2560.png,Inria,vienna2.tif,0.3,512,512,2304,2560,16.33248242615393,48.23133331222582,Austria,Europe,0.93,developed,0.23529052734375,urban_medium_density
Inria_tyrol-w13_2304_3328,images/Inria_tyrol-w13_2304_3328.png,labels/Inria_tyrol-w13_2304_3328.png,Inria,tyrol-w13.tif,0.3,512,512,2304,3328,10.593530316861578,47.17036508110653,Austria,Europe,0.93,developed,0.0288925170898437,rural
Inria_tyrol-w8_4096_2304,images/Inria_tyrol-w8_4096_2304.png,labels/Inria_tyrol-w8_4096_2304.png,Inria,tyrol-w8.tif,0.3,512,512,4096,2304,10.672897294675302,47.20613772208676,Austria,Europe,0.93,developed,0.0446891784667968,rural
Inria_vienna16_4096_3328,images/Inria_vienna16_4096_3328.png,labels/Inria_vienna16_4096_3328.png,Inria,vienna16.tif,0.3,512,512,4096,3328,16.37284462174715,48.20434789375031,Austria,Europe,0.93,developed,0.4091529846191406,urban_high_density
Inria_vienna31_3072_512,images/Inria_vienna31_3072_512.png,labels/Inria_vienna31_3072_512.png,Inria,vienna31.tif,0.3,512,512,3072,512,16.312322952399498,48.16388162928783,Austria,Europe,0.93,developed,0.1441459655761718,suburban
Inria_tyrol-w5_2048_3072,images/Inria_tyrol-w5_2048_3072.png,labels/Inria_tyrol-w5_2048_3072.png,Inria,tyrol-w5.tif,0.3,512,512,2048,3072,10.732391892965357,47.2194396191577,Austria,Europe,0.93,developed,0.370697021484375,urban_high_density
Inria_tyrol-w31_1792_1536,images/Inria_tyrol-w31_1792_1536.png,labels/Inria_tyrol-w31_1792_1536.png,Inria,tyrol-w31.tif,0.3,512,512,1792,1536,10.694516655194564,47.47590992517153,Austria,Europe,0.93,developed,0.0732612609863281,suburban
Inria_vienna23_0_1792,images/Inria_vienna23_0_1792.png,labels/Inria_vienna23_0_1792.png,Inria,vienna23.tif,0.3,512,512,0,1792,16.393009818712486,48.19084983044743,Austria,Europe,0.93,developed,0.040374755859375,rural
Inria_tyrol-w11_2560_512,images/Inria_tyrol-w11_2560_512.png,labels/Inria_tyrol-w11_2560_512.png,Inria,tyrol-w11.tif,0.3,512,512,2560,512,10.75208931460188,47.20587761245309,Austria,Europe,0.93,developed,0.0028915405273437,sparse
Inria_vienna33_1792_4352,images/Inria_vienna33_1792_4352.png,labels/Inria_vienna33_1792_4352.png,Inria,vienna33.tif,0.3,512,512,1792,4352,16.352651475374845,48.16388290861241,Austria,Europe,0.93,developed,0.0094413757324218,sparse
Inria_vienna26_768_2048,images/Inria_vienna26_768_2048.png,labels/Inria_vienna26_768_2048.png,Inria,vienna26.tif,0.3,512,512,768,2048,16.332486257203296,48.17737395606253,Austria,Europe,0.93,developed,0.4185371398925781,urban_high_density
Inria_vienna10_1280_1536,images/Inria_vienna10_1280_1536.png,labels/Inria_vienna10_1280_1536.png,Inria,vienna10.tif,0.3,512,512,1280,1536,16.37285426557415,48.21783771394489,Austria,Europe,0.93,developed,0.0079917907714843,sparse
Inria_vienna31_512_512,images/Inria_vienna31_512_512.png,labels/Inria_vienna31_512_512.png,Inria,vienna31.tif,0.3,512,512,512,512,16.312322952399498,48.16388162928783,Austria,Europe,0.93,developed,0.2003936767578125,urban_medium_density
Inria_vienna14_1280_512,images/Inria_vienna14_1280_512.png,labels/Inria_vienna14_1280_512.png,Inria,vienna14.tif,0.3,512,512,1280,512,16.332484342757525,48.20435369771093,Austria,Europe,0.93,developed,0.441741943359375,urban_high_density
Inria_tyrol-w26_4096_3584,images/Inria_tyrol-w26_4096_3584.png,labels/Inria_tyrol-w26_4096_3584.png,Inria,tyrol-w26.tif,0.3,512,512,4096,3584,10.714609608652887,47.50282845407508,Austria,Europe,0.93,developed,0.0580711364746093,suburban
Inria_vienna9_4096_2048,images/Inria_vienna9_4096_2048.png,labels/Inria_vienna9_4096_2048.png,Inria,vienna9.tif,0.3,512,512,4096,2048,16.352668826831,48.21784238934325,Austria,Europe,0.93,developed,0.5907325744628906,urban_high_density
Inria_vienna7_1536_3328,images/Inria_vienna7_1536_3328.png,labels/Inria_vienna7_1536_3328.png,Inria,vienna7.tif,0.3,512,512,1536,3328,16.312297943160246,48.21784110849188,Austria,Europe,0.93,developed,0.3658180236816406,urban_high_density
Inria_vienna27_768_1280,images/Inria_vienna27_768_1280.png,labels/Inria_vienna27_768_1280.png,Inria,vienna27.tif,0.3,512,512,768,1280,16.352655808206883,48.17737282647439,Austria,Europe,0.93,developed,0.2398948669433593,urban_medium_density
Inria_vienna26_1280_512,images/Inria_vienna26_1280_512.png,labels/Inria_vienna26_1280_512.png,Inria,vienna26.tif,0.3,512,512,1280,512,16.332486257203296,48.17737395606253,Austria,Europe,0.93,developed,0.3432426452636719,urban_high_density
Inria_tyrol-w35_4096_2048,images/Inria_tyrol-w35_4096_2048.png,labels/Inria_tyrol-w35_4096_2048.png,Inria,tyrol-w35.tif,0.3,512,512,4096,2048,10.635201696869418,47.5435373826059,Austria,Europe,0.93,developed,0.0420875549316406,rural
Inria_tyrol-w18_0_2816,images/Inria_tyrol-w18_0_2816.png,labels/Inria_tyrol-w18_0_2816.png,Inria,tyrol-w18.tif,0.3,512,512,0,2816,10.573605040086008,47.138925135105225,Austria,Europe,0.93,developed,0.2884445190429687,urban_medium_density
Inria_tyrol-w6_0_3328,images/Inria_tyrol-w6_0_3328.png,labels/Inria_tyrol-w6_0_3328.png,Inria,tyrol-w6.tif,0.3,512,512,0,3328,10.752194813570677,47.21936942732533,Austria,Europe,0.93,developed,0.00787353515625,sparse
Inria_vienna23_0_3328,images/Inria_vienna23_0_3328.png,labels/Inria_vienna23_0_3328.png,Inria,vienna23.tif,0.3,512,512,0,3328,16.393009818712486,48.19084983044743,Austria,Europe,0.93,developed,0.0091400146484375,sparse
Inria_tyrol-w31_1280_3072,images/Inria_tyrol-w31_1280_3072.png,labels/Inria_tyrol-w31_1280_3072.png,Inria,tyrol-w31.tif,0.3,512,512,1280,3072,10.694516655194564,47.47590992517153,Austria,Europe,0.93,developed,0.1350364685058593,suburban
Inria_vienna7_3072_1792,images/Inria_vienna7_3072_1792.png,labels/Inria_vienna7_3072_1792.png,Inria,vienna7.tif,0.3,512,512,3072,1792,16.312297943160246,48.21784110849188,Austria,Europe,0.93,developed,0.4793319702148437,urban_high_density
Inria_tyrol-w3_2304_1792,images/Inria_tyrol-w3_2304_1792.png,labels/Inria_tyrol-w3_2304_1792.png,Inria,tyrol-w3.tif,0.3,512,512,2304,1792,10.73249244351766,47.23293143500837,Austria,Europe,0.93,developed,0.1629066467285156,urban_medium_density
Inria_tyrol-w8_3328_2304,images/Inria_tyrol-w8_3328_2304.png,labels/Inria_tyrol-w8_3328_2304.png,Inria,tyrol-w8.tif,0.3,512,512,3328,2304,10.672897294675302,47.20613772208676,Austria,Europe,0.93,developed,0.0344657897949218,rural
Inria_vienna14_2560_1024,images/Inria_vienna14_2560_1024.png,labels/Inria_vienna14_2560_1024.png,Inria,vienna14.tif,0.3,512,512,2560,1024,16.332484342757525,48.20435369771093,Austria,Europe,0.93,developed,0.49261474609375,urban_high_density
Inria_tyrol-w21_3072_768,images/Inria_tyrol-w21_3072_768.png,labels/Inria_tyrol-w21_3072_768.png,Inria,tyrol-w21.tif,0.3,512,512,3072,768,11.070333236722218,47.31221749538455,Austria,Europe,0.93,developed,0.0564727783203125,suburban
Inria_tyrol-w15_2048_1792,images/Inria_tyrol-w15_2048_1792.png,labels/Inria_tyrol-w15_2048_1792.png,Inria,tyrol-w15.tif,0.3,512,512,2048,1792,10.593443454488758,47.15237463923782,Austria,Europe,0.93,developed,0.0054512023925781,sparse
Inria_tyrol-w33_1792_3840,images/Inria_tyrol-w33_1792_3840.png,labels/Inria_tyrol-w33_1792_3840.png,Inria,tyrol-w33.tif,0.3,512,512,1792,3840,10.734314924024856,47.47577863915548,Austria,Europe,0.93,developed,0.0054550170898437,sparse
Inria_tyrol-w4_1280_3328,images/Inria_tyrol-w4_1280_3328.png,labels/Inria_tyrol-w4_1280_3328.png,Inria,tyrol-w4.tif,0.3,512,512,1280,3328,10.752300389247589,47.232861210119154,Austria,Europe,0.93,developed,0.2446861267089843,urban_medium_density
Inria_tyrol-w17_3072_1792,images/Inria_tyrol-w17_3072_1792.png,labels/Inria_tyrol-w17_3072_1792.png,Inria,tyrol-w17.tif,0.3,512,512,3072,1792,10.553831670283811,47.1389644119798,Austria,Europe,0.93,developed,0.3124504089355469,urban_high_density
Inria_tyrol-w23_3072_2048,images/Inria_tyrol-w23_3072_2048.png,labels/Inria_tyrol-w23_3072_2048.png,Inria,tyrol-w23.tif,0.3,512,512,3072,2048,11.070146458349772,47.29872665463945,Austria,Europe,0.93,developed,0.20709228515625,urban_medium_density
Inria_vienna20_3328_1792,images/Inria_vienna20_3328_1792.png,labels/Inria_vienna20_3328_1792.png,Inria,vienna20.tif,0.3,512,512,3328,1792,16.33248530024988,48.19086384277936,Austria,Europe,0.93,developed,0.4397773742675781,urban_high_density
Inria_tyrol-w21_1536_4096,images/Inria_tyrol-w21_1536_4096.png,labels/Inria_tyrol-w21_1536_4096.png,Inria,tyrol-w21.tif,0.3,512,512,1536,4096,11.070333236722218,47.31221749538455,Austria,Europe,0.93,developed,0.2387199401855468,urban_medium_density
Inria_vienna23_4096_512,images/Inria_vienna23_4096_512.png,labels/Inria_vienna23_4096_512.png,Inria,vienna23.tif,0.3,512,512,4096,512,16.393009818712486,48.19084983044743,Austria,Europe,0.93,developed,0.3109855651855469,urban_high_density
Inria_vienna13_512_0,images/Inria_vienna13_512_0.png,labels/Inria_vienna13_512_0.png,Inria,vienna13.tif,0.3,512,512,512,0,16.312304202122483,48.204351286368656,Austria,Europe,0.93,developed,0.4964485168457031,urban_high_density
Inria_vienna8_1536_4352,images/Inria_vienna8_1536_4352.png,labels/Inria_vienna8_1536_4352.png,Inria,vienna8.tif,0.3,512,512,1536,4352,16.332483384725723,48.21784352085913,Austria,Europe,0.93,developed,0.51434326171875,urban_high_density
Inria_tyrol-w5_1024_2560,images/Inria_tyrol-w5_1024_2560.png,labels/Inria_tyrol-w5_1024_2560.png,Inria,tyrol-w5.tif,0.3,512,512,1024,2560,10.732391892965357,47.2194396191577,Austria,Europe,0.93,developed,0.3093032836914062,urban_high_density
Inria_vienna24_768_256,images/Inria_vienna24_768_256.png,labels/Inria_vienna24_768_256.png,Inria,vienna24.tif,0.3,512,512,768,256,16.413184641102585,48.19083807858271,Austria,Europe,0.93,developed,0.4790191650390625,urban_high_density
Inria_vienna20_3072_1280,images/Inria_vienna20_3072_1280.png,labels/Inria_vienna20_3072_1280.png,Inria,vienna20.tif,0.3,512,512,3072,1280,16.33248530024988,48.19086384277936,Austria,Europe,0.93,developed,0.5319862365722656,urban_high_density
Inria_vienna2_256_1280,images/Inria_vienna2_256_1280.png,labels/Inria_vienna2_256_1280.png,Inria,vienna2.tif,0.3,512,512,256,1280,16.33248242615393,48.23133331222582,Austria,Europe,0.93,developed,0.3123397827148437,urban_high_density
Inria_tyrol-w17_3840_256,images/Inria_tyrol-w17_3840_256.png,labels/Inria_tyrol-w17_3840_256.png,Inria,tyrol-w17.tif,0.3,512,512,3840,256,10.553831670283811,47.1389644119798,Austria,Europe,0.93,developed,0.0813179016113281,suburban
Inria_vienna23_1792_0,images/Inria_vienna23_1792_0.png,labels/Inria_vienna23_1792_0.png,Inria,vienna23.tif,0.3,512,512,1792,0,16.393009818712486,48.19084983044743,Austria,Europe,0.93,developed,0.4221000671386719,urban_high_density
Inria_tyrol-w3_3840_2816,images/Inria_tyrol-w3_3840_2816.png,labels/Inria_tyrol-w3_3840_2816.png,Inria,tyrol-w3.tif,0.3,512,512,3840,2816,10.73249244351766,47.23293143500837,Austria,Europe,0.93,developed,0.1044578552246093,suburban
Inria_vienna36_3072_768,images/Inria_vienna36_3072_768.png,labels/Inria_vienna36_3072_768.png,Inria,vienna36.tif,0.3,512,512,3072,768,16.413144224997097,48.16385829848692,Austria,Europe,0.93,developed,0.0685157775878906,suburban
Inria_vienna2_3328_1536,images/Inria_vienna2_3328_1536.png,labels/Inria_vienna2_3328_1536.png,Inria,vienna2.tif,0.3,512,512,3328,1536,16.33248242615393,48.23133331222582,Austria,Europe,0.93,developed,0.1836891174316406,urban_medium_density
Inria_tyrol-w12_256_768,images/Inria_tyrol-w12_256_768.png,labels/Inria_tyrol-w12_256_768.png,Inria,tyrol-w12.tif,0.3,512,512,256,768,10.771887137087424,47.20580403279183,Austria,Europe,0.93,developed,0.023773193359375,rural
Inria_tyrol-w31_2304_2816,images/Inria_tyrol-w31_2304_2816.png,labels/Inria_tyrol-w31_2304_2816.png,Inria,tyrol-w31.tif,0.3,512,512,2304,2816,10.694516655194564,47.47590992517153,Austria,Europe,0.93,developed,0.0518760681152343,suburban
Inria_vienna20_4352_3328,images/Inria_vienna20_4352_3328.png,labels/Inria_vienna20_4352_3328.png,Inria,vienna20.tif,0.3,512,512,4352,3328,16.33248530024988,48.19086384277936,Austria,Europe,0.93,developed,0.1796607971191406,urban_medium_density
Inria_tyrol-w4_0_3072,images/Inria_tyrol-w4_0_3072.png,labels/Inria_tyrol-w4_0_3072.png,Inria,tyrol-w4.tif,0.3,512,512,0,3072,10.752300389247589,47.232861210119154,Austria,Europe,0.93,developed,0.2251739501953125,urban_medium_density
Inria_vienna24_1792_1024,images/Inria_vienna24_1792_1024.png,labels/Inria_vienna24_1792_1024.png,Inria,vienna24.tif,0.3,512,512,1792,1024,16.413184641102585,48.19083807858271,Austria,Europe,0.93,developed,0.6434669494628906,urban_high_density
Inria_tyrol-w14_3328_2048,images/Inria_tyrol-w14_3328_2048.png,labels/Inria_tyrol-w14_3328_2048.png,Inria,tyrol-w14.tif,0.3,512,512,3328,2048,10.573665124612058,47.15241734934828,Austria,Europe,0.93,developed,0.0021820068359375,sparse
Inria_vienna17_2048_3584,images/Inria_vienna17_2048_3584.png,labels/Inria_vienna17_2048_3584.png,Inria,vienna17.tif,0.3,512,512,2048,3584,16.393024752305173,48.20433967845037,Austria,Europe,0.93,developed,0.5213737487792969,urban_high_density
Inria_tyrol-w24_1792_2560,images/Inria_tyrol-w24_1792_2560.png,labels/Inria_tyrol-w24_1792_2560.png,Inria,tyrol-w24.tif,0.3,512,512,1792,2560,11.08997777517014,47.29859792390429,Austria,Europe,0.93,developed,0.1969184875488281,urban_medium_density
Inria_vienna3_1024_4096,images/Inria_vienna3_1024_4096.png,labels/Inria_vienna3_1024_4096.png,Inria,vienna3.tif,0.3,512,512,1024,4096,16.352673173092107,48.23133218006676,Austria,Europe,0.93,developed,0.5132484436035156,urban_high_density
Inria_vienna21_3072_256,images/Inria_vienna21_3072_256.png,labels/Inria_vienna21_3072_256.png,Inria,vienna21.tif,0.3,512,512,3072,256,16.35266014439151,48.19086271254893,Austria,Europe,0.93,developed,0.2932891845703125,urban_medium_density
Inria_vienna9_2560_4096,images/Inria_vienna9_2560_4096.png,labels/Inria_vienna9_2560_4096.png,Inria,vienna9.tif,0.3,512,512,2560,4096,16.352668826831,48.21784238934325,Austria,Europe,0.93,developed,0.5863075256347656,urban_high_density
Inria_tyrol-w8_512_4352,images/Inria_tyrol-w8_512_4352.png,labels/Inria_tyrol-w8_512_4352.png,Inria,tyrol-w8.tif,0.3,512,512,512,4352,10.672897294675302,47.20613772208676,Austria,Europe,0.93,developed,0.1875343322753906,urban_medium_density
Inria_vienna4_1024_768,images/Inria_vienna4_1024_768.png,labels/Inria_vienna4_1024_768.png,Inria,vienna4.tif,0.3,512,512,1024,768,16.37286391666503,48.23132750235651,Austria,Europe,0.93,developed,0.1823348999023437,urban_medium_density
Inria_tyrol-w24_1792_3072,images/Inria_tyrol-w24_1792_3072.png,labels/Inria_tyrol-w24_1792_3072.png,Inria,tyrol-w24.tif,0.3,512,512,1792,3072,11.08997777517014,47.29859792390429,Austria,Europe,0.93,developed,0.0366477966308593,rural
Inria_vienna27_3072_1280,images/Inria_vienna27_3072_1280.png,labels/Inria_vienna27_3072_1280.png,Inria,vienna27.tif,0.3,512,512,3072,1280,16.352655808206883,48.17737282647439,Austria,Europe,0.93,developed,0.0784988403320312,suburban
Inria_tyrol-w29_2304_1280,images/Inria_tyrol-w29_2304_1280.png,labels/Inria_tyrol-w29_2304_1280.png,Inria,tyrol-w29.tif,0.3,512,512,2304,1280,10.714512681438906,47.48933724742905,Austria,Europe,0.93,developed,0.0734596252441406,suburban
Inria_vienna7_3840_3584,images/Inria_vienna7_3840_3584.png,labels/Inria_vienna7_3840_3584.png,Inria,vienna7.tif,0.3,512,512,3840,3584,16.312297943160246,48.21784110849188,Austria,Europe,0.93,developed,0.4049758911132812,urban_high_density
Inria_tyrol-w30_1280_2304,images/Inria_tyrol-w30_1280_2304.png,labels/Inria_tyrol-w30_1280_2304.png,Inria,tyrol-w30.tif,0.3,512,512,1280,2304,10.734416875582022,47.48926984606789,Austria,Europe,0.93,developed,0.1386299133300781,suburban
Inria_tyrol-w9_2560_2048,images/Inria_tyrol-w9_2560_2048.png,labels/Inria_tyrol-w9_2560_2048.png,Inria,tyrol-w9.tif,0.3,512,512,2560,2048,10.692695401874966,47.20607782609253,Austria,Europe,0.93,developed,0.0462989807128906,rural
Inria_vienna11_1280_2816,images/Inria_vienna11_1280_2816.png,labels/Inria_vienna11_1280_2816.png,Inria,vienna11.tif,0.3,512,512,1280,2816,16.39303969705323,48.217829494666375,Austria,Europe,0.93,developed,0.5773391723632812,urban_high_density
Inria_tyrol-w32_0_1792,images/Inria_tyrol-w32_0_1792.png,labels/Inria_tyrol-w32_0_1792.png,Inria,tyrol-w32.tif,0.3,512,512,0,1792,10.714415824929612,47.475846008762645,Austria,Europe,0.93,developed,0.0009994506835937,sparse
Inria_vienna23_3072_0,images/Inria_vienna23_3072_0.png,labels/Inria_vienna23_3072_0.png,Inria,vienna23.tif,0.3,512,512,3072,0,16.393009818712486,48.19084983044743,Austria,Europe,0.93,developed,0.4625205993652344,urban_high_density
Inria_vienna11_512_0,images/Inria_vienna11_512_0.png,labels/Inria_vienna11_512_0.png,Inria,vienna11.tif,0.3,512,512,512,0,16.39303969705323,48.217829494666375,Austria,Europe,0.93,developed,0.5150337219238281,urban_high_density
Inria_vienna33_2048_1536,images/Inria_vienna33_2048_1536.png,labels/Inria_vienna33_2048_1536.png,Inria,vienna33.tif,0.3,512,512,2048,1536,16.352651475374845,48.16388290861241,Austria,Europe,0.93,developed,0.0855026245117187,suburban
Inria_vienna18_1536_3584,images/Inria_vienna18_1536_3584.png,labels/Inria_vienna18_1536_3584.png,Inria,vienna18.tif,0.3,512,512,1536,3584,16.41320487170764,48.20432792094214,Austria,Europe,0.93,developed,0.1089553833007812,suburban
Inria_tyrol-w16_768_1536,images/Inria_tyrol-w16_768_1536.png,labels/Inria_tyrol-w16_768_1536.png,Inria,tyrol-w16.tif,0.3,512,512,768,1536,10.5340582604269,47.139000275745126,Austria,Europe,0.93,developed,0.0034217834472656,sparse
Inria_tyrol-w36_2304_1536,images/Inria_tyrol-w36_2304_1536.png,labels/Inria_tyrol-w36_2304_1536.png,Inria,tyrol-w36.tif,0.3,512,512,2304,1536,10.515513400132894,47.503312676585686,Austria,Europe,0.93,developed,0.2633857727050781,urban_medium_density
Inria_vienna30_1792_3584,images/Inria_vienna30_1792_3584.png,labels/Inria_vienna30_1792_3584.png,Inria,vienna30.tif,0.3,512,512,1792,3584,16.413164425537094,48.1773482044316,Austria,Europe,0.93,developed,0.2600135803222656,urban_medium_density
Inria_vienna26_3072_2560,images/Inria_vienna26_3072_2560.png,labels/Inria_vienna26_3072_2560.png,Inria,vienna26.tif,0.3,512,512,3072,2560,16.332486257203296,48.17737395606253,Austria,Europe,0.93,developed,0.5345420837402344,urban_high_density
Inria_vienna25_2048_3584,images/Inria_vienna25_2048_3584.png,labels/Inria_vienna25_2048_3584.png,Inria,vienna25.tif,0.3,512,512,2048,3584,16.31231670673793,48.177371546768505,Austria,Europe,0.93,developed,0.13671875,suburban
Inria_tyrol-w28_2304_2816,images/Inria_tyrol-w28_2304_2816.png,labels/Inria_tyrol-w28_2304_2816.png,Inria,tyrol-w28.tif,0.3,512,512,2304,2816,10.694608416591054,47.48940119397008,Austria,Europe,0.93,developed,0.0347366333007812,rural
Inria_vienna6_1280_2048,images/Inria_vienna6_1280_2048.png,labels/Inria_vienna6_1280_2048.png,Inria,vienna6.tif,0.3,512,512,1280,2048,16.413245378092718,48.23130751029339,Austria,Europe,0.93,developed,0.0305137634277343,rural
Inria_tyrol-w31_3584_256,images/Inria_tyrol-w31_3584_256.png,labels/Inria_tyrol-w31_3584_256.png,Inria,tyrol-w31.tif,0.3,512,512,3584,256,10.694516655194564,47.47590992517153,Austria,Europe,0.93,developed,0.25933837890625,urban_medium_density
Inria_vienna1_3584_512,images/Inria_vienna1_3584_512.png,labels/Inria_vienna1_3584_512.png,Inria,vienna1.tif,0.3,512,512,3584,512,16.31229167975609,48.23133089883304,Austria,Europe,0.93,developed,0.1367874145507812,suburban
Inria_tyrol-w27_768_3072,images/Inria_tyrol-w27_768_3072.png,labels/Inria_tyrol-w27_768_3072.png,Inria,tyrol-w27.tif,0.3,512,512,768,3072,10.734518901554372,47.502761020943794,Austria,Europe,0.93,developed,0.0311164855957031,rural
Inria_vienna16_2560_4096,images/Inria_vienna16_2560_4096.png,labels/Inria_vienna16_2560_4096.png,Inria,vienna16.tif,0.3,512,512,2560,4096,16.37284462174715,48.20434789375031,Austria,Europe,0.93,developed,0.3528976440429687,urban_high_density
Inria_vienna4_3584_3840,images/Inria_vienna4_3584_3840.png,labels/Inria_vienna4_3584_3840.png,Inria,vienna4.tif,0.3,512,512,3584,3840,16.37286391666503,48.23132750235651,Austria,Europe,0.93,developed,0.01312255859375,rural
Inria_vienna24_2048_3072,images/Inria_vienna24_2048_3072.png,labels/Inria_vienna24_2048_3072.png,Inria,vienna24.tif,0.3,512,512,2048,3072,16.413184641102585,48.19083807858271,Austria,Europe,0.93,developed,0.2479476928710937,urban_medium_density
Inria_tyrol-w19_2816_4096,images/Inria_tyrol-w19_2816_4096.png,labels/Inria_tyrol-w19_2816_4096.png,Inria,tyrol-w19.tif,0.3,512,512,2816,4096,11.070520150942473,47.32570830368104,Austria,Europe,0.93,developed,0.2442245483398437,urban_medium_density
Inria_vienna29_4352_4096,images/Inria_vienna29_4352_4096.png,labels/Inria_vienna29_4352_4096.png,Inria,vienna29.tif,0.3,512,512,4352,4096,16.392994896264756,48.17735995065575,Austria,Europe,0.93,developed,0.0756340026855468,suburban
Inria_tyrol-w36_2816_2560,images/Inria_tyrol-w36_2816_2560.png,labels/Inria_tyrol-w36_2816_2560.png,Inria,tyrol-w36.tif,0.3,512,512,2816,2560,10.515513400132894,47.503312676585686,Austria,Europe,0.93,developed,0.0327110290527343,rural
Inria_vienna8_1792_0,images/Inria_vienna8_1792_0.png,labels/Inria_vienna8_1792_0.png,Inria,vienna8.tif,0.3,512,512,1792,0,16.332483384725723,48.21784352085913,Austria,Europe,0.93,developed,0.4851646423339844,urban_high_density
Inria_vienna24_512_1792,images/Inria_vienna24_512_1792.png,labels/Inria_vienna24_512_1792.png,Inria,vienna24.tif,0.3,512,512,512,1792,16.413184641102585,48.19083807858271,Austria,Europe,0.93,developed,0.1782722473144531,urban_medium_density
Inria_vienna33_3840_3328,images/Inria_vienna33_3840_3328.png,labels/Inria_vienna33_3840_3328.png,Inria,vienna33.tif,0.3,512,512,3840,3328,16.352651475374845,48.16388290861241,Austria,Europe,0.93,developed,0.1311492919921875,suburban
Inria_tyrol-w2_2816_1280,images/Inria_tyrol-w2_2816_1280.png,labels/Inria_tyrol-w2_2816_1280.png,Inria,tyrol-w2.tif,0.3,512,512,2816,1280,10.752406041702631,47.24635296083577,Austria,Europe,0.93,developed,0.0020713806152343,sparse
Inria_tyrol-w3_1024_4096,images/Inria_tyrol-w3_1024_4096.png,labels/Inria_tyrol-w3_1024_4096.png,Inria,tyrol-w3.tif,0.3,512,512,1024,4096,10.73249244351766,47.23293143500837,Austria,Europe,0.93,developed,0.1444931030273437,suburban
Inria_tyrol-w7_1792_1536,images/Inria_tyrol-w7_1792_1536.png,labels/Inria_tyrol-w7_1792_1536.png,Inria,tyrol-w7.tif,0.3,512,512,1792,1536,10.77199765746785,47.219295813018384,Austria,Europe,0.93,developed,0.0013961791992187,sparse
Inria_vienna24_3584_3584,images/Inria_vienna24_3584_3584.png,labels/Inria_vienna24_3584_3584.png,Inria,vienna24.tif,0.3,512,512,3584,3584,16.413184641102585,48.19083807858271,Austria,Europe,0.93,developed,0.4936943054199219,urban_high_density
Inria_tyrol-w36_1024_4096,images/Inria_tyrol-w36_1024_4096.png,labels/Inria_tyrol-w36_1024_4096.png,Inria,tyrol-w36.tif,0.3,512,512,1024,4096,10.515513400132894,47.503312676585686,Austria,Europe,0.93,developed,0.0539703369140625,suburban
Inria_tyrol-w4_256_2048,images/Inria_tyrol-w4_256_2048.png,labels/Inria_tyrol-w4_256_2048.png,Inria,tyrol-w4.tif,0.3,512,512,256,2048,10.752300389247589,47.232861210119154,Austria,Europe,0.93,developed,0.1230888366699218,suburban
Inria_vienna4_3072_1024,images/Inria_vienna4_3072_1024.png,labels/Inria_vienna4_3072_1024.png,Inria,vienna4.tif,0.3,512,512,3072,1024,16.37286391666503,48.23132750235651,Austria,Europe,0.93,developed,0.3514747619628906,urban_high_density
Inria_tyrol-w32_2816_3072,images/Inria_tyrol-w32_2816_3072.png,labels/Inria_tyrol-w32_2816_3072.png,Inria,tyrol-w32.tif,0.3,512,512,2816,3072,10.714415824929612,47.475846008762645,Austria,Europe,0.93,developed,0.0085830688476562,sparse
Inria_tyrol-w14_1536_3584,images/Inria_tyrol-w14_1536_3584.png,labels/Inria_tyrol-w14_1536_3584.png,Inria,tyrol-w14.tif,0.3,512,512,1536,3584,10.573665124612058,47.15241734934828,Austria,Europe,0.93,developed,0.2914237976074219,urban_medium_density
Inria_tyrol-w25_1024_2560,images/Inria_tyrol-w25_1024_2560.png,labels/Inria_tyrol-w25_1024_2560.png,Inria,tyrol-w25.tif,0.3,512,512,1024,2560,10.714706606636582,47.516319628702064,Austria,Europe,0.93,developed,0.0517807006835937,suburban
Inria_vienna22_1280_0,images/Inria_vienna22_1280_0.png,labels/Inria_vienna22_1280_0.png,Inria,vienna22.tif,0.3,512,512,1280,0,16.372834985177256,48.19085804177085,Austria,Europe,0.93,developed,0.5632820129394531,urban_high_density
Inria_tyrol-w29_1024_2560,images/Inria_tyrol-w29_1024_2560.png,labels/Inria_tyrol-w29_1024_2560.png,Inria,tyrol-w29.tif,0.3,512,512,1024,2560,10.714512681438906,47.48933724742905,Austria,Europe,0.93,developed,0.0238800048828125,rural
Inria_tyrol-w9_3328_2048,images/Inria_tyrol-w9_3328_2048.png,labels/Inria_tyrol-w9_3328_2048.png,Inria,tyrol-w9.tif,0.3,512,512,3328,2048,10.692695401874966,47.20607782609253,Austria,Europe,0.93,developed,0.1814193725585937,urban_medium_density
Inria_vienna10_0_2304,images/Inria_vienna10_0_2304.png,labels/Inria_vienna10_0_2304.png,Inria,vienna10.tif,0.3,512,512,0,2304,16.37285426557415,48.21783771394489,Austria,Europe,0.93,developed,0.5177955627441406,urban_high_density
Inria_tyrol-w33_0_3328,images/Inria_tyrol-w33_0_3328.png,labels/Inria_tyrol-w33_0_3328.png,Inria,tyrol-w33.tif,0.3,512,512,0,3328,10.734314924024856,47.47577863915548,Austria,Europe,0.93,developed,0.0024375915527343,sparse
Inria_vienna19_4352_3328,images/Inria_vienna19_4352_3328.png,labels/Inria_vienna19_4352_3328.png,Inria,vienna19.tif,0.3,512,512,4352,3328,16.312310456646976,48.19086143246147,Austria,Europe,0.93,developed,0.2940177917480469,urban_medium_density
Inria_tyrol-w16_768_768,images/Inria_tyrol-w16_768_768.png,labels/Inria_tyrol-w16_768_768.png,Inria,tyrol-w16.tif,0.3,512,512,768,768,10.5340582604269,47.139000275745126,Austria,Europe,0.93,developed,0.0035972595214843,sparse
Inria_vienna11_1536_4352,images/Inria_vienna11_1536_4352.png,labels/Inria_vienna11_1536_4352.png,Inria,vienna11.tif,0.3,512,512,1536,4352,16.39303969705323,48.217829494666375,Austria,Europe,0.93,developed,0.5127754211425781,urban_high_density
Inria_tyrol-w29_3584_3328,images/Inria_tyrol-w29_3584_3328.png,labels/Inria_tyrol-w29_3584_3328.png,Inria,tyrol-w29.tif,0.3,512,512,3584,3328,10.714512681438906,47.48933724742905,Austria,Europe,0.93,developed,0.4026107788085937,urban_high_density
Inria_vienna19_256_2048,images/Inria_vienna19_256_2048.png,labels/Inria_vienna19_256_2048.png,Inria,vienna19.tif,0.3,512,512,256,2048,16.312310456646976,48.19086143246147,Austria,Europe,0.93,developed,0.3201026916503906,urban_high_density
Inria_vienna14_3072_4096,images/Inria_vienna14_3072_4096.png,labels/Inria_vienna14_3072_4096.png,Inria,vienna14.tif,0.3,512,512,3072,4096,16.332484342757525,48.20435369771093,Austria,Europe,0.93,developed,0.5621910095214844,urban_high_density
Inria_vienna12_1280_2560,images/Inria_vienna12_1280_2560.png,labels/Inria_vienna12_1280_2560.png,Inria,vienna12.tif,0.3,512,512,1280,2560,16.41322511736632,48.21781773151175,Austria,Europe,0.93,developed,0.4394302368164062,urban_high_density
Inria_tyrol-w23_2048_2816,images/Inria_tyrol-w23_2048_2816.png,labels/Inria_tyrol-w23_2048_2816.png,Inria,tyrol-w23.tif,0.3,512,512,2048,2816,11.070146458349772,47.29872665463945,Austria,Europe,0.93,developed,0.0408935546875,rural
Inria_vienna28_0_1280,images/Inria_vienna28_0_1280.png,labels/Inria_vienna28_0_1280.png,Inria,vienna28.tif,0.3,512,512,0,1280,16.37282535585769,48.17736815800468,Austria,Europe,0.93,developed,0.36090087890625,urban_high_density
Inria_tyrol-w21_256_3328,images/Inria_tyrol-w21_256_3328.png,labels/Inria_tyrol-w21_256_3328.png,Inria,tyrol-w21.tif,0.3,512,512,256,3328,11.070333236722218,47.31221749538455,Austria,Europe,0.93,developed,0.2565040588378906,urban_medium_density
Inria_tyrol-w32_512_256,images/Inria_tyrol-w32_512_256.png,labels/Inria_tyrol-w32_512_256.png,Inria,tyrol-w32.tif,0.3,512,512,512,256,10.714415824929612,47.475846008762645,Austria,Europe,0.93,developed,0.0351638793945312,rural
Inria_tyrol-w26_512_3840,images/Inria_tyrol-w26_512_3840.png,labels/Inria_tyrol-w26_512_3840.png,Inria,tyrol-w26.tif,0.3,512,512,512,3840,10.714609608652887,47.50282845407508,Austria,Europe,0.93,developed,0.2459144592285156,urban_medium_density
Inria_tyrol-w15_1792_4352,images/Inria_tyrol-w15_1792_4352.png,labels/Inria_tyrol-w15_1792_4352.png,Inria,tyrol-w15.tif,0.3,512,512,1792,4352,10.593443454488758,47.15237463923782,Austria,Europe,0.93,developed,0.0053329467773437,sparse
Inria_vienna35_768_2560,images/Inria_vienna35_768_2560.png,labels/Inria_vienna35_768_2560.png,Inria,vienna35.tif,0.3,512,512,768,2560,16.392979984951566,48.1638700390734,Austria,Europe,0.93,developed,0.0295372009277343,rural
Inria_vienna19_256_1536,images/Inria_vienna19_256_1536.png,labels/Inria_vienna19_256_1536.png,Inria,vienna19.tif,0.3,512,512,256,1536,16.312310456646976,48.19086143246147,Austria,Europe,0.93,developed,0.3924636840820312,urban_high_density
Inria_tyrol-w9_0_2560,images/Inria_tyrol-w9_0_2560.png,labels/Inria_tyrol-w9_0_2560.png,Inria,tyrol-w9.tif,0.3,512,512,0,2560,10.692695401874966,47.20607782609253,Austria,Europe,0.93,developed,0.0283660888671875,rural
Inria_vienna35_512_2560,images/Inria_vienna35_512_2560.png,labels/Inria_vienna35_512_2560.png,Inria,vienna35.tif,0.3,512,512,512,2560,16.392979984951566,48.1638700390734,Austria,Europe,0.93,developed,0.0191612243652343,rural
Inria_vienna29_3840_2048,images/Inria_vienna29_3840_2048.png,labels/Inria_vienna29_3840_2048.png,Inria,vienna29.tif,0.3,512,512,3840,2048,16.392994896264756,48.17735995065575,Austria,Europe,0.93,developed,0.3122482299804687,urban_high_density
Inria_vienna15_1280_2816,images/Inria_vienna15_1280_2816.png,labels/Inria_vienna15_1280_2816.png,Inria,vienna15.tif,0.3,512,512,1280,2816,16.352664483931843,48.20435256683793,Austria,Europe,0.93,developed,0.6217422485351562,urban_high_density
Inria_vienna21_3840_3072,images/Inria_vienna21_3840_3072.png,labels/Inria_vienna21_3840_3072.png,Inria,vienna21.tif,0.3,512,512,3840,3072,16.35266014439151,48.19086271254893,Austria,Europe,0.93,developed,0.4578819274902344,urban_high_density
Inria_vienna21_1024_4096,images/Inria_vienna21_1024_4096.png,labels/Inria_vienna21_1024_4096.png,Inria,vienna21.tif,0.3,512,512,1024,4096,16.35266014439151,48.19086271254893,Austria,Europe,0.93,developed,0.5076217651367188,urban_high_density
Inria_vienna18_0_4352,images/Inria_vienna18_0_4352.png,labels/Inria_vienna18_0_4352.png,Inria,vienna18.tif,0.3,512,512,0,4352,16.41320487170764,48.20432792094214,Austria,Europe,0.93,developed,0.4590682983398437,urban_high_density
Inria_tyrol-w8_3072_2816,images/Inria_tyrol-w8_3072_2816.png,labels/Inria_tyrol-w8_3072_2816.png,Inria,tyrol-w8.tif,0.3,512,512,3072,2816,10.672897294675302,47.20613772208676,Austria,Europe,0.93,developed,0.0648117065429687,suburban
Inria_tyrol-w36_3072_1536,images/Inria_tyrol-w36_3072_1536.png,labels/Inria_tyrol-w36_3072_1536.png,Inria,tyrol-w36.tif,0.3,512,512,3072,1536,10.515513400132894,47.503312676585686,Austria,Europe,0.93,developed,0.0666046142578125,suburban
Inria_vienna7_512_3584,images/Inria_vienna7_512_3584.png,labels/Inria_vienna7_512_3584.png,Inria,vienna7.tif,0.3,512,512,512,3584,16.312297943160246,48.21784110849188,Austria,Europe,0.93,developed,0.1526603698730468,urban_medium_density
Inria_vienna29_256_4096,images/Inria_vienna29_256_4096.png,labels/Inria_vienna29_256_4096.png,Inria,vienna29.tif,0.3,512,512,256,4096,16.392994896264756,48.17735995065575,Austria,Europe,0.93,developed,0.3992881774902344,urban_high_density
Inria_vienna13_1280_1024,images/Inria_vienna13_1280_1024.png,labels/Inria_vienna13_1280_1024.png,Inria,vienna13.tif,0.3,512,512,1280,1024,16.312304202122483,48.204351286368656,Austria,Europe,0.93,developed,0.2654075622558594,urban_medium_density
Inria_tyrol-w4_4096_2560,images/Inria_tyrol-w4_4096_2560.png,labels/Inria_tyrol-w4_4096_2560.png,Inria,tyrol-w4.tif,0.3,512,512,4096,2560,10.752300389247589,47.232861210119154,Austria,Europe,0.93,developed,0.0019721984863281,sparse
Inria_vienna20_2560_1536,images/Inria_vienna20_2560_1536.png,labels/Inria_vienna20_2560_1536.png,Inria,vienna20.tif,0.3,512,512,2560,1536,16.33248530024988,48.19086384277936,Austria,Europe,0.93,developed,0.5205612182617188,urban_high_density
Inria_tyrol-w26_2304_2816,images/Inria_tyrol-w26_2304_2816.png,labels/Inria_tyrol-w26_2304_2816.png,Inria,tyrol-w26.tif,0.3,512,512,2304,2816,10.714609608652887,47.50282845407508,Austria,Europe,0.93,developed,0.0257720947265625,rural
Inria_tyrol-w13_2816_1024,images/Inria_tyrol-w13_2816_1024.png,labels/Inria_tyrol-w13_2816_1024.png,Inria,tyrol-w13.tif,0.3,512,512,2816,1024,10.593530316861578,47.17036508110653,Austria,Europe,0.93,developed,0.0309867858886718,rural
Inria_tyrol-w4_0_4096,images/Inria_tyrol-w4_0_4096.png,labels/Inria_tyrol-w4_0_4096.png,Inria,tyrol-w4.tif,0.3,512,512,0,4096,10.752300389247589,47.232861210119154,Austria,Europe,0.93,developed,0.1081695556640625,suburban
Inria_vienna15_3072_512,images/Inria_vienna15_3072_512.png,labels/Inria_vienna15_3072_512.png,Inria,vienna15.tif,0.3,512,512,3072,512,16.352664483931843,48.20435256683793,Austria,Europe,0.93,developed,0.4088897705078125,urban_high_density
Inria_tyrol-w7_3840_3072,images/Inria_tyrol-w7_3840_3072.png,labels/Inria_tyrol-w7_3840_3072.png,Inria,tyrol-w7.tif,0.3,512,512,3840,3072,10.77199765746785,47.219295813018384,Austria,Europe,0.93,developed,0.2855644226074219,urban_medium_density
Inria_vienna16_2048_3328,images/Inria_vienna16_2048_3328.png,labels/Inria_vienna16_2048_3328.png,Inria,vienna16.tif,0.3,512,512,2048,3328,16.37284462174715,48.20434789375031,Austria,Europe,0.93,developed,0.408660888671875,urban_high_density
Inria_vienna25_0_2560,images/Inria_vienna25_0_2560.png,labels/Inria_vienna25_0_2560.png,Inria,vienna25.tif,0.3,512,512,0,2560,16.31231670673793,48.177371546768505,Austria,Europe,0.93,developed,0.0825386047363281,suburban
Inria_vienna30_2048_4352,images/Inria_vienna30_2048_4352.png,labels/Inria_vienna30_2048_4352.png,Inria,vienna30.tif,0.3,512,512,2048,4352,16.413164425537094,48.1773482044316,Austria,Europe,0.93,developed,0.3820838928222656,urban_high_density
Inria_tyrol-w3_3072_3840,images/Inria_tyrol-w3_3072_3840.png,labels/Inria_tyrol-w3_3072_3840.png,Inria,tyrol-w3.tif,0.3,512,512,3072,3840,10.73249244351766,47.23293143500837,Austria,Europe,0.93,developed,0.0055007934570312,sparse
Inria_tyrol-w6_2304_1280,images/Inria_tyrol-w6_2304_1280.png,labels/Inria_tyrol-w6_2304_1280.png,Inria,tyrol-w6.tif,0.3,512,512,2304,1280,10.752194813570677,47.21936942732533,Austria,Europe,0.93,developed,0.0138015747070312,rural
Inria_vienna2_0_4352,images/Inria_vienna2_0_4352.png,labels/Inria_vienna2_0_4352.png,Inria,vienna2.tif,0.3,512,512,0,4352,16.33248242615393,48.23133331222582,Austria,Europe,0.93,developed,0.2147941589355468,urban_medium_density
Inria_tyrol-w18_256_0,images/Inria_tyrol-w18_256_0.png,labels/Inria_tyrol-w18_256_0.png,Inria,tyrol-w18.tif,0.3,512,512,256,0,10.573605040086008,47.138925135105225,Austria,Europe,0.93,developed,0.0616416931152343,suburban
Inria_tyrol-w28_2816_1024,images/Inria_tyrol-w28_2816_1024.png,labels/Inria_tyrol-w28_2816_1024.png,Inria,tyrol-w28.tif,0.3,512,512,2816,1024,10.694608416591054,47.48940119397008,Austria,Europe,0.93,developed,0.0010185241699218,sparse
Inria_vienna31_1280_2304,images/Inria_vienna31_1280_2304.png,labels/Inria_vienna31_1280_2304.png,Inria,vienna31.tif,0.3,512,512,1280,2304,16.312322952399498,48.16388162928783,Austria,Europe,0.93,developed,0.1197433471679687,suburban
Inria_vienna25_768_2048,images/Inria_vienna25_768_2048.png,labels/Inria_vienna25_768_2048.png,Inria,vienna25.tif,0.3,512,512,768,2048,16.31231670673793,48.177371546768505,Austria,Europe,0.93,developed,0.0011634826660156,sparse
Inria_vienna27_2048_4352,images/Inria_vienna27_2048_4352.png,labels/Inria_vienna27_2048_4352.png,Inria,vienna27.tif,0.3,512,512,2048,4352,16.352655808206883,48.17737282647439,Austria,Europe,0.93,developed,0.3645706176757812,urban_high_density
Inria_vienna19_3584_2816,images/Inria_vienna19_3584_2816.png,labels/Inria_vienna19_3584_2816.png,Inria,vienna19.tif,0.3,512,512,3584,2816,16.312310456646976,48.19086143246147,Austria,Europe,0.93,developed,0.0239791870117187,rural
Inria_tyrol-w2_2304_1792,images/Inria_tyrol-w2_2304_1792.png,labels/Inria_tyrol-w2_2304_1792.png,Inria,tyrol-w2.tif,0.3,512,512,2304,1792,10.752406041702631,47.24635296083577,Austria,Europe,0.93,developed,0.0339279174804687,rural
Inria_tyrol-w11_1280_1536,images/Inria_tyrol-w11_1280_1536.png,labels/Inria_tyrol-w11_1280_1536.png,Inria,tyrol-w11.tif,0.3,512,512,1280,1536,10.75208931460188,47.20587761245309,Austria,Europe,0.93,developed,0.0006332397460937,sparse
Inria_vienna24_1280_3584,images/Inria_vienna24_1280_3584.png,labels/Inria_vienna24_1280_3584.png,Inria,vienna24.tif,0.3,512,512,1280,3584,16.413184641102585,48.19083807858271,Austria,Europe,0.93,developed,0.1082687377929687,suburban
Inria_austin36_3072_4352,images/Inria_austin36_3072_4352.png,labels/Inria_austin36_3072_4352.png,Inria,austin36.tif,0.3,512,512,3072,4352,-97.70280525327117,30.291057756311,United States of America,North America,,developed,0.0753288269042968,suburban
Inria_austin25_0_256,images/Inria_austin25_0_256.png,labels/Inria_austin25_0_256.png,Inria,austin25.tif,0.3,512,512,0,256,-97.7192778535107,30.22354645082549,United States of America,North America,,developed,0.122406005859375,suburban
Inria_austin35_768_2048,images/Inria_austin35_768_2048.png,labels/Inria_austin35_768_2048.png,Inria,austin35.tif,0.3,512,512,768,2048,-97.70298330312887,30.27752490834851,United States of America,North America,,developed,0.1712646484375,urban_medium_density
Inria_chicago1_1280_1536,images/Inria_chicago1_1280_1536.png,labels/Inria_chicago1_1280_1536.png,Inria,chicago1.tif,0.3,512,512,1280,1536,-87.71956058370718,41.830884168189385,United States of America,North America,,developed,0.0131988525390625,rural
Inria_chicago8_3072_2816,images/Inria_chicago8_3072_2816.png,labels/Inria_chicago8_3072_2816.png,Inria,chicago8.tif,0.3,512,512,3072,2816,-87.7016451770576,41.84450527571328,United States of America,North America,,developed,0.3290977478027344,urban_high_density
Inria_austin21_4096_512,images/Inria_austin21_4096_512.png,labels/Inria_austin21_4096_512.png,Inria,austin21.tif,0.3,512,512,4096,512,-97.73451481280554,30.25076405010132,United States of America,North America,,developed,0.2163124084472656,urban_medium_density
Inria_austin26_3584_2304,images/Inria_austin26_3584_2304.png,labels/Inria_austin26_3584_2304.png,Inria,austin26.tif,0.3,512,512,3584,2304,-97.71910241982904,30.237079497320515,United States of America,North America,,developed,0.1196937561035156,suburban
Inria_chicago8_1536_4096,images/Inria_chicago8_1536_4096.png,labels/Inria_chicago8_1536_4096.png,Inria,chicago8.tif,0.3,512,512,1536,4096,-87.7016451770576,41.84450527571328,United States of America,North America,,developed,0.1589202880859375,urban_medium_density
Inria_austin30_3328_1024,images/Inria_austin30_3328_1024.png,labels/Inria_austin30_3328_1024.png,Inria,austin30.tif,0.3,512,512,3328,1024,-97.71839949248309,30.291211394221232,United States of America,North America,,developed,0.1584129333496093,urban_medium_density
Inria_chicago11_3328_3584,images/Inria_chicago11_3328_3584.png,labels/Inria_chicago11_3328_3584.png,Inria,chicago11.tif,0.3,512,512,3328,3584,-87.70208844211948,41.8850331911901,United States of America,North America,,developed,0.1593704223632812,urban_medium_density
Inria_austin2_1536_1536,images/Inria_austin2_1536_1536.png,labels/Inria_austin2_1536_1536.png,Inria,austin2.tif,0.3,512,512,1536,1536,-97.78144636507442,30.237674191472944,United States of America,North America,,developed,0.2070999145507812,urban_medium_density
Inria_chicago29_1536_0,images/Inria_chicago29_1536_0.png,labels/Inria_chicago29_1536_0.png,Inria,chicago29.tif,0.3,512,512,1536,0,-87.64785333672901,41.88535196328085,United States of America,North America,,developed,0.1826362609863281,urban_medium_density
Inria_chicago29_2048_1280,images/Inria_chicago29_2048_1280.png,labels/Inria_chicago29_2048_1280.png,Inria,chicago29.tif,0.3,512,512,2048,1280,-87.64785333672901,41.88535196328085,United States of America,North America,,developed,0.15045166015625,urban_medium_density
Inria_austin8_512_3840,images/Inria_austin8_512_3840.png,labels/Inria_austin8_512_3840.png,Inria,austin8.tif,0.3,512,512,512,3840,-97.76586020504372,30.237528297814595,United States of America,North America,,developed,0.1920356750488281,urban_medium_density
Inria_austin14_2816_0,images/Inria_austin14_2816_0.png,labels/Inria_austin14_2816_0.png,Inria,austin14.tif,0.3,512,512,2816,0,-97.75027415985996,30.23738055087029,United States of America,North America,,developed,0.2125663757324218,urban_medium_density
Inria_austin28_2048_3840,images/Inria_austin28_2048_3840.png,labels/Inria_austin28_2048_3840.png,Inria,austin28.tif,0.3,512,512,2048,3840,-97.7187511948166,30.264145503603046,United States of America,North America,,developed,0.3103713989257812,urban_high_density
Inria_chicago25_3840_2560,images/Inria_chicago25_3840_2560.png,labels/Inria_chicago25_3840_2560.png,Inria,chicago25.tif,0.3,512,512,3840,2560,-87.64730815024417,41.83131407767456,United States of America,North America,,developed,0.3230438232421875,urban_high_density
Inria_austin28_256_256,images/Inria_austin28_256_256.png,labels/Inria_austin28_256_256.png,Inria,austin28.tif,0.3,512,512,256,256,-97.7187511948166,30.264145503603046,United States of America,North America,,developed,0.1729393005371093,urban_medium_density
Inria_chicago18_4352_0,images/Inria_chicago18_4352_0.png,labels/Inria_chicago18_4352_0.png,Inria,chicago18.tif,0.3,512,512,4352,0,-87.68415431964388,41.89865158613537,United States of America,North America,,developed,0.3352088928222656,urban_high_density
Inria_chicago9_4096_1792,images/Inria_chicago9_4096_1792.png,labels/Inria_chicago9_4096_1792.png,Inria,chicago9.tif,0.3,512,512,4096,1792,-87.70179283100917,41.85801461318641,United States of America,North America,,developed,0.1690139770507812,urban_medium_density
Inria_austin17_3840_3328,images/Inria_austin17_3840_3328.png,labels/Inria_austin17_3840_3328.png,Inria,austin17.tif,0.3,512,512,3840,3328,-97.74975996053448,30.27798000495435,United States of America,North America,,developed,0.1883697509765625,urban_medium_density
Inria_chicago22_1280_4352,images/Inria_chicago22_1280_4352.png,labels/Inria_chicago22_1280_4352.png,Inria,chicago22.tif,0.3,512,512,1280,4352,-87.66579155892617,41.87173917726031,United States of America,North America,,developed,0.3176841735839844,urban_high_density
Inria_chicago11_2048_2816,images/Inria_chicago11_2048_2816.png,labels/Inria_chicago11_2048_2816.png,Inria,chicago11.tif,0.3,512,512,2048,2816,-87.70208844211948,41.8850331911901,United States of America,North America,,developed,0.0174942016601562,rural
Inria_austin18_2560_2304,images/Inria_austin18_2560_2304.png,labels/Inria_austin18_2560_2304.png,Inria,austin18.tif,0.3,512,512,2560,2304,-97.74958832785627,30.29151309856534,United States of America,North America,,developed,0.1007881164550781,suburban
Inria_chicago8_512_3840,images/Inria_chicago8_512_3840.png,labels/Inria_chicago8_512_3840.png,Inria,chicago8.tif,0.3,512,512,512,3840,-87.7016451770576,41.84450527571328,United States of America,North America,,developed,0.2738761901855469,urban_medium_density
Inria_chicago7_1792_2304,images/Inria_chicago7_1792_2304.png,labels/Inria_chicago7_1792_2304.png,Inria,chicago7.tif,0.3,512,512,1792,2304,-87.70149762406842,41.83099590592854,United States of America,North America,,developed,0.20623779296875,urban_medium_density
Inria_austin3_2048_4096,images/Inria_austin3_2048_4096.png,labels/Inria_austin3_2048_4096.png,Inria,austin3.tif,0.3,512,512,2048,4096,-97.78127935143546,30.25120753033092,United States of America,North America,,developed,0.1632804870605468,urban_medium_density
Inria_chicago6_1280_1280,images/Inria_chicago6_1280_1280.png,labels/Inria_chicago6_1280_1280.png,Inria,chicago6.tif,0.3,512,512,1280,1280,-87.72031837795015,41.89843043038303,United States of America,North America,,developed,0.2683677673339844,urban_medium_density
Inria_austin26_2816_1792,images/Inria_austin26_2816_1792.png,labels/Inria_austin26_2816_1792.png,Inria,austin26.tif,0.3,512,512,2816,1792,-97.71910241982904,30.237079497320515,United States of America,North America,,developed,0.1973457336425781,urban_medium_density
Inria_austin9_0_3072,images/Inria_austin9_0_3072.png,labels/Inria_austin9_0_3072.png,Inria,austin9.tif,0.3,512,512,0,3072,-97.76569105649614,30.25106155785827,United States of America,North America,,developed,0.2149085998535156,urban_medium_density
Inria_chicago3_4096_2304,images/Inria_chicago3_4096_2304.png,labels/Inria_chicago3_4096_2304.png,Inria,chicago3.tif,0.3,512,512,4096,2304,-87.7198633903929,41.857902770075256,United States of America,North America,,developed,0.2430610656738281,urban_medium_density
Inria_austin12_2560_512,images/Inria_austin12_2560_512.png,labels/Inria_austin12_2560_512.png,Inria,austin12.tif,0.3,512,512,2560,512,-97.76518292111324,30.291661164899025,United States of America,North America,,developed,0.2432594299316406,urban_medium_density
Inria_austin6_3328_2560,images/Inria_austin6_3328_2560.png,labels/Inria_austin6_3328_2560.png,Inria,austin6.tif,0.3,512,512,3328,2560,-97.78077762948077,30.29180737394136,United States of America,North America,,developed,0.029022216796875,rural
Inria_austin34_3584_768,images/Inria_austin34_3584_768.png,labels/Inria_austin34_3584_768.png,Inria,austin34.tif,0.3,512,512,3584,768,-97.70316123213668,30.263992031439564,United States of America,North America,,developed,0.1229629516601562,suburban
Inria_chicago3_512_1792,images/Inria_chicago3_512_1792.png,labels/Inria_chicago3_512_1792.png,Inria,chicago3.tif,0.3,512,512,512,1792,-87.7198633903929,41.857902770075256,United States of America,North America,,developed,0.1779556274414062,urban_medium_density
Inria_chicago5_1792_512,images/Inria_chicago5_1792_512.png,labels/Inria_chicago5_1792_512.png,Inria,chicago5.tif,0.3,512,512,1792,512,-87.72016661165102,41.88492124261918,United States of America,North America,,developed,0.1593551635742187,urban_medium_density
Inria_austin5_0_1792,images/Inria_austin5_0_1792.png,labels/Inria_austin5_0_1792.png,Inria,austin5.tif,0.3,512,512,0,1792,-97.7809449837037,30.278274121573205,United States of America,North America,,developed,0.1189002990722656,suburban
Inria_chicago30_2816_1280,images/Inria_chicago30_2816_1280.png,labels/Inria_chicago30_2816_1280.png,Inria,chicago30.tif,0.3,512,512,2816,1280,-87.64798986663426,41.898861354050055,United States of America,North America,,developed,0.0483474731445312,rural
Inria_chicago29_4352_1280,images/Inria_chicago29_4352_1280.png,labels/Inria_chicago29_4352_1280.png,Inria,chicago29.tif,0.3,512,512,4352,1280,-87.64785333672901,41.88535196328085,United States of America,North America,,developed,0.2018890380859375,urban_medium_density
Inria_chicago30_512_0,images/Inria_chicago30_512_0.png,labels/Inria_chicago30_512_0.png,Inria,chicago30.tif,0.3,512,512,512,0,-87.64798986663426,41.898861354050055,United States of America,North America,,developed,0.6545639038085938,urban_high_density
Inria_austin28_1024_4096,images/Inria_austin28_1024_4096.png,labels/Inria_austin28_1024_4096.png,Inria,austin28.tif,0.3,512,512,1024,4096,-97.7187511948166,30.264145503603046,United States of America,North America,,developed,0.0771064758300781,suburban
Inria_chicago3_4096_1280,images/Inria_chicago3_4096_1280.png,labels/Inria_chicago3_4096_1280.png,Inria,chicago3.tif,0.3,512,512,4096,1280,-87.7198633903929,41.857902770075256,United States of America,North America,,developed,0.1578865051269531,urban_medium_density
Inria_chicago18_3072_1536,images/Inria_chicago18_3072_1536.png,labels/Inria_chicago18_3072_1536.png,Inria,chicago18.tif,0.3,512,512,3072,1536,-87.68415431964388,41.89865158613537,United States of America,North America,,developed,0.318328857421875,urban_high_density
Inria_chicago35_3072_2048,images/Inria_chicago35_3072_2048.png,labels/Inria_chicago35_3072_2048.png,Inria,chicago35.tif,0.3,512,512,3072,2048,-87.629774778017,41.885452529292685,United States of America,North America,,developed,0.5502738952636719,urban_high_density
Inria_austin6_2816_0,images/Inria_austin6_2816_0.png,labels/Inria_austin6_2816_0.png,Inria,austin6.tif,0.3,512,512,2816,0,-97.78077762948077,30.29180737394136,United States of America,North America,,developed,0.2449226379394531,urban_medium_density
Inria_austin18_2560_1024,images/Inria_austin18_2560_1024.png,labels/Inria_austin18_2560_1024.png,Inria,austin18.tif,0.3,512,512,2560,1024,-97.74958832785627,30.29151309856534,United States of America,North America,,developed,0.0445480346679687,rural
Inria_chicago27_0_4352,images/Inria_chicago27_0_4352.png,labels/Inria_chicago27_0_4352.png,Inria,chicago27.tif,0.3,512,512,0,4352,-87.64758055700719,41.858333084979854,United States of America,North America,,developed,0.0900764465332031,suburban
Inria_austin30_3584_1024,images/Inria_austin30_3584_1024.png,labels/Inria_austin30_3584_1024.png,Inria,austin30.tif,0.3,512,512,3584,1024,-97.71839949248309,30.291211394221232,United States of America,North America,,developed,0.1751174926757812,urban_medium_density
Inria_chicago21_3328_3072,images/Inria_chicago21_3328_3072.png,labels/Inria_chicago21_3328_3072.png,Inria,chicago21.tif,0.3,512,512,3328,3072,-87.66565141171546,41.85822977068255,United States of America,North America,,developed,0.3363304138183594,urban_high_density
Inria_austin29_3072_4096,images/Inria_austin29_3072_4096.png,labels/Inria_austin29_3072_4096.png,Inria,austin29.tif,0.3,512,512,3072,4096,-97.71857540334918,30.27767846337425,United States of America,North America,,developed,0.1337776184082031,suburban
Inria_chicago25_3840_0,images/Inria_chicago25_3840_0.png,labels/Inria_chicago25_3840_0.png,Inria,chicago25.tif,0.3,512,512,3840,0,-87.64730815024417,41.83131407767456,United States of America,North America,,developed,0.36492919921875,urban_high_density
Inria_austin32_256_3584,images/Inria_austin32_256_3584.png,labels/Inria_austin32_256_3584.png,Inria,austin32.tif,0.3,512,512,256,3584,-97.70351672787952,30.236926190814945,United States of America,North America,,developed,0.0486297607421875,rural
Inria_austin15_3072_4096,images/Inria_austin15_3072_4096.png,labels/Inria_austin15_3072_4096.png,Inria,austin15.tif,0.3,512,512,3072,4096,-97.75010287646958,30.25091373109872,United States of America,North America,,developed,0.2090950012207031,urban_medium_density
Inria_austin14_3840_1792,images/Inria_austin14_3840_1792.png,labels/Inria_austin14_3840_1792.png,Inria,austin14.tif,0.3,512,512,3840,1792,-97.75027415985996,30.23738055087029,United States of America,North America,,developed,0.1828575134277343,urban_medium_density
Inria_austin34_4096_3584,images/Inria_austin34_4096_3584.png,labels/Inria_austin34_4096_3584.png,Inria,austin34.tif,0.3,512,512,4096,3584,-97.70316123213668,30.263992031439564,United States of America,North America,,developed,0.1904220581054687,urban_medium_density
Inria_austin19_2048_3584,images/Inria_austin19_2048_3584.png,labels/Inria_austin19_2048_3584.png,Inria,austin19.tif,0.3,512,512,2048,3584,-97.7348615313939,30.223697822398897,United States of America,North America,,developed,0.1811752319335937,urban_medium_density
Inria_austin8_512_512,images/Inria_austin8_512_512.png,labels/Inria_austin8_512_512.png,Inria,austin8.tif,0.3,512,512,512,512,-97.76586020504372,30.237528297814595,United States of America,North America,,developed,0.0849418640136718,suburban
Inria_austin8_2048_3584,images/Inria_austin8_2048_3584.png,labels/Inria_austin8_2048_3584.png,Inria,austin8.tif,0.3,512,512,2048,3584,-97.76586020504372,30.237528297814595,United States of America,North America,,developed,0.285552978515625,urban_medium_density
Inria_chicago26_2048_1024,images/Inria_chicago26_2048_1024.png,labels/Inria_chicago26_2048_1024.png,Inria,chicago26.tif,0.3,512,512,2048,1024,-87.64744430704273,41.8448235974518,United States of America,North America,,developed,0.4085655212402344,urban_high_density
Inria_chicago10_1280_2560,images/Inria_chicago10_1280_2560.png,labels/Inria_chicago10_1280_2560.png,Inria,chicago10.tif,0.3,512,512,1280,2560,-87.70194058600309,41.87152391834599,United States of America,North America,,developed,0.2887611389160156,urban_medium_density
Inria_chicago27_4352_0,images/Inria_chicago27_4352_0.png,labels/Inria_chicago27_4352_0.png,Inria,chicago27.tif,0.3,512,512,4352,0,-87.64758055700719,41.858333084979854,United States of America,North America,,developed,0.3231964111328125,urban_high_density
Inria_chicago28_4096_3840,images/Inria_chicago28_4096_3840.png,labels/Inria_chicago28_4096_3840.png,Inria,chicago28.tif,0.3,512,512,4096,3840,-87.64771690021131,41.87184254025684,United States of America,North America,,developed,0.3766555786132812,urban_high_density
Inria_chicago19_512_3072,images/Inria_chicago19_512_3072.png,labels/Inria_chicago19_512_3072.png,Inria,chicago19.tif,0.3,512,512,512,3072,-87.66537140474017,41.83121086071488,United States of America,North America,,developed,0.2938690185546875,urban_medium_density
Inria_chicago7_3840_3840,images/Inria_chicago7_3840_3840.png,labels/Inria_chicago7_3840_3840.png,Inria,chicago7.tif,0.3,512,512,3840,3840,-87.70149762406842,41.83099590592854,United States of America,North America,,developed,0.2532119750976562,urban_medium_density
Inria_chicago25_4352_4352,images/Inria_chicago25_4352_4352.png,labels/Inria_chicago25_4352_4352.png,Inria,chicago25.tif,0.3,512,512,4352,4352,-87.64730815024417,41.83131407767456,United States of America,North America,,developed,0.3372535705566406,urban_high_density
Inria_austin9_2304_768,images/Inria_austin9_2304_768.png,labels/Inria_austin9_2304_768.png,Inria,austin9.tif,0.3,512,512,2304,768,-97.76569105649614,30.25106155785827,United States of America,North America,,developed,0.2993278503417969,urban_medium_density
Inria_chicago19_1280_3584,images/Inria_chicago19_1280_3584.png,labels/Inria_chicago19_1280_3584.png,Inria,chicago19.tif,0.3,512,512,1280,3584,-87.66537140474017,41.83121086071488,United States of America,North America,,developed,0.3514518737792969,urban_high_density
Inria_austin3_1792_1024,images/Inria_austin3_1792_1024.png,labels/Inria_austin3_1792_1024.png,Inria,austin3.tif,0.3,512,512,1792,1024,-97.78127935143546,30.25120753033092,United States of America,North America,,developed,0.2201271057128906,urban_medium_density
Inria_austin8_1536_1536,images/Inria_austin8_1536_1536.png,labels/Inria_austin8_1536_1536.png,Inria,austin8.tif,0.3,512,512,1536,1536,-97.76586020504372,30.237528297814595,United States of America,North America,,developed,0.096588134765625,suburban
Inria_chicago6_4352_2048,images/Inria_chicago6_4352_2048.png,labels/Inria_chicago6_4352_2048.png,Inria,chicago6.tif,0.3,512,512,4352,2048,-87.72031837795015,41.89843043038303,United States of America,North America,,developed,0.3094367980957031,urban_high_density
Inria_austin7_1536_3584,images/Inria_austin7_1536_3584.png,labels/Inria_austin7_1536_3584.png,Inria,austin7.tif,0.3,512,512,1536,3584,-97.76602923874434,30.22399500893604,United States of America,North America,,developed,0.2458419799804687,urban_medium_density
Inria_chicago36_256_0,images/Inria_chicago36_256_0.png,labels/Inria_chicago36_256_0.png,Inria,chicago36.tif,0.3,512,512,256,0,-87.62990749863347,41.89896196746061,United States of America,North America,,developed,0.3689041137695312,urban_high_density
Inria_chicago31_1536_3328,images/Inria_chicago31_1536_3328.png,labels/Inria_chicago31_1536_3328.png,Inria,chicago31.tif,0.3,512,512,1536,3328,-87.62924480265603,41.8314144542888,United States of America,North America,,developed,0.0485649108886718,rural
Inria_chicago26_3328_3840,images/Inria_chicago26_3328_3840.png,labels/Inria_chicago26_3328_3840.png,Inria,chicago26.tif,0.3,512,512,3328,3840,-87.64744430704273,41.8448235974518,United States of America,North America,,developed,0.3349418640136719,urban_high_density
Inria_austin9_2816_1536,images/Inria_austin9_2816_1536.png,labels/Inria_austin9_2816_1536.png,Inria,austin9.tif,0.3,512,512,2816,1536,-97.76569105649614,30.25106155785827,United States of America,North America,,developed,0.2364158630371093,urban_medium_density
Inria_chicago29_0_2560,images/Inria_chicago29_0_2560.png,labels/Inria_chicago29_0_2560.png,Inria,chicago29.tif,0.3,512,512,0,2560,-87.64785333672901,41.88535196328085,United States of America,North America,,developed,0.2898712158203125,urban_medium_density
Inria_chicago23_4096_3328,images/Inria_chicago23_4096_3328.png,labels/Inria_chicago23_4096_3328.png,Inria,chicago23.tif,0.3,512,512,4096,3328,-87.66593180205349,41.88524855156484,United States of America,North America,,developed,0.2637519836425781,urban_medium_density
Inria_austin16_1280_1792,images/Inria_austin16_1280_1792.png,labels/Inria_austin16_1280_1792.png,Inria,austin16.tif,0.3,512,512,1280,1792,-97.74993147671664,30.26444688246278,United States of America,North America,,developed,0.0571517944335937,suburban
Inria_chicago35_4096_3584,images/Inria_chicago35_4096_3584.png,labels/Inria_chicago35_4096_3584.png,Inria,chicago35.tif,0.3,512,512,4096,3584,-87.629774778017,41.885452529292685,United States of America,North America,,developed,0.1001968383789062,suburban
Inria_chicago20_768_768,images/Inria_chicago20_768_768.png,labels/Inria_chicago20_768_768.png,Inria,chicago20.tif,0.3,512,512,768,768,-87.66551136034542,41.84472033183344,United States of America,North America,,developed,0.2027091979980468,urban_medium_density
Inria_chicago25_0_3072,images/Inria_chicago25_0_3072.png,labels/Inria_chicago25_0_3072.png,Inria,chicago25.tif,0.3,512,512,0,3072,-87.64730815024417,41.83131407767456,United States of America,North America,,developed,0.5982513427734375,urban_high_density
Inria_austin20_512_256,images/Inria_austin20_512_256.png,labels/Inria_austin20_512_256.png,Inria,austin20.tif,0.3,512,512,512,256,-97.73468823097213,30.23723095068905,United States of America,North America,,developed,0.2230720520019531,urban_medium_density
Inria_austin9_768_3584,images/Inria_austin9_768_3584.png,labels/Inria_austin9_768_3584.png,Inria,austin9.tif,0.3,512,512,768,3584,-97.76569105649614,30.25106155785827,United States of America,North America,,developed,0.2442665100097656,urban_medium_density
Inria_chicago31_2560_768,images/Inria_chicago31_2560_768.png,labels/Inria_chicago31_2560_768.png,Inria,chicago31.tif,0.3,512,512,2560,768,-87.62924480265603,41.8314144542888,United States of America,North America,,developed,0.3211479187011719,urban_high_density
Inria_austin36_3840_2304,images/Inria_austin36_3840_2304.png,labels/Inria_austin36_3840_2304.png,Inria,austin36.tif,0.3,512,512,3840,2304,-97.70280525327117,30.291057756311,United States of America,North America,,developed,0.3806190490722656,urban_high_density
Inria_chicago4_1536_256,images/Inria_chicago4_1536_256.png,labels/Inria_chicago4_1536_256.png,Inria,chicago4.tif,0.3,512,512,1536,256,-87.72001494915936,41.87141202251594,United States of America,North America,,developed,0.2509841918945312,urban_medium_density
Inria_chicago25_0_3840,images/Inria_chicago25_0_3840.png,labels/Inria_chicago25_0_3840.png,Inria,chicago25.tif,0.3,512,512,0,3840,-87.64730815024417,41.83131407767456,United States of America,North America,,developed,0.3598442077636719,urban_high_density
Inria_chicago31_3840_4352,images/Inria_chicago31_3840_4352.png,labels/Inria_chicago31_3840_4352.png,Inria,chicago31.tif,0.3,512,512,3840,4352,-87.62924480265603,41.8314144542888,United States of America,North America,,developed,0.2325935363769531,urban_medium_density
Inria_chicago14_1024_3840,images/Inria_chicago14_1024_3840.png,labels/Inria_chicago14_1024_3840.png,Inria,chicago14.tif,0.3,512,512,1024,3840,-87.68357831788332,41.84461422457285,United States of America,North America,,developed,0.0219039916992187,rural
Inria_chicago35_1280_2304,images/Inria_chicago35_1280_2304.png,labels/Inria_chicago35_1280_2304.png,Inria,chicago35.tif,0.3,512,512,1280,2304,-87.629774778017,41.885452529292685,United States of America,North America,,developed,0.3901939392089844,urban_high_density
Inria_chicago18_3328_1024,images/Inria_chicago18_3328_1024.png,labels/Inria_chicago18_3328_1024.png,Inria,chicago18.tif,0.3,512,512,3328,1024,-87.68415431964388,41.89865158613537,United States of America,North America,,developed,0.3124008178710937,urban_high_density
Inria_austin29_3584_1792,images/Inria_austin29_3584_1792.png,labels/Inria_austin29_3584_1792.png,Inria,austin29.tif,0.3,512,512,3584,1792,-97.71857540334918,30.27767846337425,United States of America,North America,,developed,0.2014312744140625,urban_medium_density
Inria_austin10_1792_4096,images/Inria_austin10_1792_4096.png,labels/Inria_austin10_1792_4096.png,Inria,austin10.tif,0.3,512,512,1792,4096,-97.7655217930358,30.26459478905897,United States of America,North America,,developed,0.2028465270996093,urban_medium_density
Inria_chicago8_2048_1536,images/Inria_chicago8_2048_1536.png,labels/Inria_chicago8_2048_1536.png,Inria,chicago8.tif,0.3,512,512,2048,1536,-87.7016451770576,41.84450527571328,United States of America,North America,,developed,0.3293495178222656,urban_high_density
Inria_chicago8_512_768,images/Inria_chicago8_512_768.png,labels/Inria_chicago8_512_768.png,Inria,chicago8.tif,0.3,512,512,512,768,-87.7016451770576,41.84450527571328,United States of America,North America,,developed,0.2550392150878906,urban_medium_density
Inria_chicago35_1536_4352,images/Inria_chicago35_1536_4352.png,labels/Inria_chicago35_1536_4352.png,Inria,chicago35.tif,0.3,512,512,1536,4352,-87.629774778017,41.885452529292685,United States of America,North America,,developed,0.6038932800292969,urban_high_density
Inria_chicago22_4096_2560,images/Inria_chicago22_4096_2560.png,labels/Inria_chicago22_4096_2560.png,Inria,chicago22.tif,0.3,512,512,4096,2560,-87.66579155892617,41.87173917726031,United States of America,North America,,developed,0.0148963928222656,rural
Inria_chicago16_0_4352,images/Inria_chicago16_0_4352.png,labels/Inria_chicago16_0_4352.png,Inria,chicago16.tif,0.3,512,512,0,4352,-87.6838661217244,41.87163296994226,United States of America,North America,,developed,0.3751716613769531,urban_high_density
Inria_chicago28_4352_4352,images/Inria_chicago28_4352_4352.png,labels/Inria_chicago28_4352_4352.png,Inria,chicago28.tif,0.3,512,512,4352,4352,-87.64771690021131,41.87184254025684,United States of America,North America,,developed,0.2140846252441406,urban_medium_density
Inria_austin28_1024_3072,images/Inria_austin28_1024_3072.png,labels/Inria_austin28_1024_3072.png,Inria,austin28.tif,0.3,512,512,1024,3072,-97.7187511948166,30.264145503603046,United States of America,North America,,developed,0.2088737487792968,urban_medium_density
Inria_chicago28_3584_3840,images/Inria_chicago28_3584_3840.png,labels/Inria_chicago28_3584_3840.png,Inria,chicago28.tif,0.3,512,512,3584,3840,-87.64771690021131,41.87184254025684,United States of America,North America,,developed,0.40582275390625,urban_high_density
Inria_austin22_1024_2816,images/Inria_austin22_1024_2816.png,labels/Inria_austin22_1024_2816.png,Inria,austin22.tif,0.3,512,512,1024,2816,-97.73434127682673,30.264297120627567,United States of America,North America,,developed,0.0945358276367187,suburban
Inria_chicago8_1536_2048,images/Inria_chicago8_1536_2048.png,labels/Inria_chicago8_1536_2048.png,Inria,chicago8.tif,0.3,512,512,1536,2048,-87.7016451770576,41.84450527571328,United States of America,North America,,developed,0.2905921936035156,urban_medium_density
Inria_chicago18_512_512,images/Inria_chicago18_512_512.png,labels/Inria_chicago18_512_512.png,Inria,chicago18.tif,0.3,512,512,512,512,-87.68415431964388,41.89865158613537,United States of America,North America,,developed,0.3329315185546875,urban_high_density
Inria_austin20_1280_1792,images/Inria_austin20_1280_1792.png,labels/Inria_austin20_1280_1792.png,Inria,austin20.tif,0.3,512,512,1280,1792,-97.73468823097213,30.23723095068905,United States of America,North America,,developed,0.0637016296386718,suburban
Inria_chicago14_1280_512,images/Inria_chicago14_1280_512.png,labels/Inria_chicago14_1280_512.png,Inria,chicago14.tif,0.3,512,512,1280,512,-87.68357831788332,41.84461422457285,United States of America,North America,,developed,0.2575340270996094,urban_medium_density
Inria_austin4_0_1024,images/Inria_austin4_0_1024.png,labels/Inria_austin4_0_1024.png,Inria,austin4.tif,0.3,512,512,0,1024,-97.78111222433355,30.26474084036704,United States of America,North America,,developed,0.2448310852050781,urban_medium_density
Inria_austin23_2816_512,images/Inria_austin23_2816_512.png,labels/Inria_austin23_2816_512.png,Inria,austin23.tif,0.3,512,512,2816,512,-97.73416762296814,30.27783016225967,United States of America,North America,,developed,0.4736976623535156,urban_high_density
Inria_chicago6_512_2816,images/Inria_chicago6_512_2816.png,labels/Inria_chicago6_512_2816.png,Inria,chicago6.tif,0.3,512,512,512,2816,-87.72031837795015,41.89843043038303,United States of America,North America,,developed,0.3321800231933594,urban_high_density
Inria_chicago1_2560_1024,images/Inria_chicago1_2560_1024.png,labels/Inria_chicago1_2560_1024.png,Inria,chicago1.tif,0.3,512,512,2560,1024,-87.71956058370718,41.830884168189385,United States of America,North America,,developed,0.2881393432617187,urban_medium_density
Inria_chicago6_2560_3840,images/Inria_chicago6_2560_3840.png,labels/Inria_chicago6_2560_3840.png,Inria,chicago6.tif,0.3,512,512,2560,3840,-87.72031837795015,41.89843043038303,United States of America,North America,,developed,0.201202392578125,urban_medium_density
Inria_austin27_2560_768,images/Inria_austin27_2560_768.png,labels/Inria_austin27_2560_768.png,Inria,austin27.tif,0.3,512,512,2560,768,-97.71892686695377,30.25061251491576,United States of America,North America,,developed,0.2912940979003906,urban_medium_density
Inria_chicago2_2048_2816,images/Inria_chicago2_2048_2816.png,labels/Inria_chicago2_2048_2816.png,Inria,chicago2.tif,0.3,512,512,2048,2816,-87.71971193526953,41.84439348529909,United States of America,North America,,developed,0.2682075500488281,urban_medium_density
Inria_chicago26_2560_1536,images/Inria_chicago26_2560_1536.png,labels/Inria_chicago26_2560_1536.png,Inria,chicago26.tif,0.3,512,512,2560,1536,-87.64744430704273,41.8448235974518,United States of America,North America,,developed,0.1700706481933593,urban_medium_density
Inria_chicago31_4352_3328,images/Inria_chicago31_4352_3328.png,labels/Inria_chicago31_4352_3328.png,Inria,chicago31.tif,0.3,512,512,4352,3328,-87.62924480265603,41.8314144542888,United States of America,North America,,developed,0.2433013916015625,urban_medium_density
Inria_chicago15_1792_1280,images/Inria_chicago15_1792_1280.png,labels/Inria_chicago15_1792_1280.png,Inria,chicago15.tif,0.3,512,512,1792,1280,-87.68372217058308,41.85812361340365,United States of America,North America,,developed,0.1248817443847656,suburban
Inria_austin29_1024_1024,images/Inria_austin29_1024_1024.png,labels/Inria_austin29_1024_1024.png,Inria,austin29.tif,0.3,512,512,1024,1024,-97.71857540334918,30.27767846337425,United States of America,North America,,developed,0.1417465209960937,suburban
Inria_austin24_2560_3840,images/Inria_austin24_2560_3840.png,labels/Inria_austin24_2560_3840.png,Inria,austin24.tif,0.3,512,512,2560,3840,-97.73399385116215,30.29136317498948,United States of America,North America,,developed,0.2197380065917968,urban_medium_density
Inria_austin21_2048_1280,images/Inria_austin21_2048_1280.png,labels/Inria_austin21_2048_1280.png,Inria,austin21.tif,0.3,512,512,2048,1280,-97.73451481280554,30.25076405010132,United States of America,North America,,developed,0.0067939758300781,sparse
Inria_chicago6_256_0,images/Inria_chicago6_256_0.png,labels/Inria_chicago6_256_0.png,Inria,chicago6.tif,0.3,512,512,256,0,-87.72031837795015,41.89843043038303,United States of America,North America,,developed,0.3557395935058594,urban_high_density
Inria_austin18_1536_3584,images/Inria_austin18_1536_3584.png,labels/Inria_austin18_1536_3584.png,Inria,austin18.tif,0.3,512,512,1536,3584,-97.74958832785627,30.29151309856534,United States of America,North America,,developed,0.077392578125,suburban
Inria_austin23_2560_1792,images/Inria_austin23_2560_1792.png,labels/Inria_austin23_2560_1792.png,Inria,austin23.tif,0.3,512,512,2560,1792,-97.73416762296814,30.27783016225967,United States of America,North America,,developed,0.2703514099121094,urban_medium_density
Inria_chicago11_3072_3072,images/Inria_chicago11_3072_3072.png,labels/Inria_chicago11_3072_3072.png,Inria,chicago11.tif,0.3,512,512,3072,3072,-87.70208844211948,41.8850331911901,United States of America,North America,,developed,0.2825698852539062,urban_medium_density
Inria_austin16_2560_768,images/Inria_austin16_2560_768.png,labels/Inria_austin16_2560_768.png,Inria,austin16.tif,0.3,512,512,2560,768,-97.74993147671664,30.26444688246278,United States of America,North America,,developed,0.2418479919433593,urban_medium_density
Inria_chicago35_2816_256,images/Inria_chicago35_2816_256.png,labels/Inria_chicago35_2816_256.png,Inria,chicago35.tif,0.3,512,512,2816,256,-87.629774778017,41.885452529292685,United States of America,North America,,developed,0.6055221557617188,urban_high_density
Inria_austin18_3328_2560,images/Inria_austin18_3328_2560.png,labels/Inria_austin18_3328_2560.png,Inria,austin18.tif,0.3,512,512,3328,2560,-97.74958832785627,30.29151309856534,United States of America,North America,,developed,0.4040145874023437,urban_high_density
Inria_chicago7_2816_3328,images/Inria_chicago7_2816_3328.png,labels/Inria_chicago7_2816_3328.png,Inria,chicago7.tif,0.3,512,512,2816,3328,-87.70149762406842,41.83099590592854,United States of America,North America,,developed,0.2459182739257812,urban_medium_density
Inria_chicago1_2304_512,images/Inria_chicago1_2304_512.png,labels/Inria_chicago1_2304_512.png,Inria,chicago1.tif,0.3,512,512,2304,512,-87.71956058370718,41.830884168189385,United States of America,North America,,developed,0.2786903381347656,urban_medium_density
Inria_austin4_1280_2048,images/Inria_austin4_1280_2048.png,labels/Inria_austin4_1280_2048.png,Inria,austin4.tif,0.3,512,512,1280,2048,-97.78111222433355,30.26474084036704,United States of America,North America,,developed,0.0136604309082031,rural
Inria_austin14_4352_0,images/Inria_austin14_4352_0.png,labels/Inria_austin14_4352_0.png,Inria,austin14.tif,0.3,512,512,4352,0,-97.75027415985996,30.23738055087029,United States of America,North America,,developed,0.2008132934570312,urban_medium_density
Inria_austin30_0_256,images/Inria_austin30_0_256.png,labels/Inria_austin30_0_256.png,Inria,austin30.tif,0.3,512,512,0,256,-97.71839949248309,30.291211394221232,United States of America,North America,,developed,0.0538101196289062,suburban
Inria_austin24_768_2560,images/Inria_austin24_768_2560.png,labels/Inria_austin24_768_2560.png,Inria,austin24.tif,0.3,512,512,768,2560,-97.73399385116215,30.29136317498948,United States of America,North America,,developed,0.3124427795410156,urban_high_density
Inria_austin34_4096_512,images/Inria_austin34_4096_512.png,labels/Inria_austin34_4096_512.png,Inria,austin34.tif,0.3,512,512,4096,512,-97.70316123213668,30.263992031439564,United States of America,North America,,developed,0.1939010620117187,urban_medium_density
Inria_austin19_4096_3072,images/Inria_austin19_4096_3072.png,labels/Inria_austin19_4096_3072.png,Inria,austin19.tif,0.3,512,512,4096,3072,-97.7348615313939,30.223697822398897,United States of America,North America,,developed,0.0172843933105468,rural
Inria_austin11_2304_3072,images/Inria_austin11_2304_3072.png,labels/Inria_austin11_2304_3072.png,Inria,austin11.tif,0.3,512,512,2304,3072,-97.7653524145968,30.278127991408585,United States of America,North America,,developed,0.2766494750976562,urban_medium_density
Inria_chicago2_2816_2560,images/Inria_chicago2_2816_2560.png,labels/Inria_chicago2_2816_2560.png,Inria,chicago2.tif,0.3,512,512,2816,2560,-87.71971193526953,41.84439348529909,United States of America,North America,,developed,0.3512916564941406,urban_high_density
Inria_chicago26_0_512,images/Inria_chicago26_0_512.png,labels/Inria_chicago26_0_512.png,Inria,chicago26.tif,0.3,512,512,0,512,-87.64744430704273,41.8448235974518,United States of America,North America,,developed,0.0224380493164062,rural
Inria_chicago8_1280_2304,images/Inria_chicago8_1280_2304.png,labels/Inria_chicago8_1280_2304.png,Inria,chicago8.tif,0.3,512,512,1280,2304,-87.7016451770576,41.84450527571328,United States of America,North America,,developed,0.3053131103515625,urban_high_density
Inria_austin22_4352_256,images/Inria_austin22_4352_256.png,labels/Inria_austin22_4352_256.png,Inria,austin22.tif,0.3,512,512,4352,256,-97.73434127682673,30.264297120627567,United States of America,North America,,developed,0.1565818786621093,urban_medium_density
Inria_chicago30_3328_2304,images/Inria_chicago30_3328_2304.png,labels/Inria_chicago30_3328_2304.png,Inria,chicago30.tif,0.3,512,512,3328,2304,-87.64798986663426,41.898861354050055,United States of America,North America,,developed,0.6552543640136719,urban_high_density
Inria_chicago3_768_1536,images/Inria_chicago3_768_1536.png,labels/Inria_chicago3_768_1536.png,Inria,chicago3.tif,0.3,512,512,768,1536,-87.7198633903929,41.857902770075256,United States of America,North America,,developed,0.2545623779296875,urban_medium_density
Inria_austin14_3584_512,images/Inria_austin14_3584_512.png,labels/Inria_austin14_3584_512.png,Inria,austin14.tif,0.3,512,512,3584,512,-97.75027415985996,30.23738055087029,United States of America,North America,,developed,0.1185493469238281,suburban
Inria_austin14_4352_768,images/Inria_austin14_4352_768.png,labels/Inria_austin14_4352_768.png,Inria,austin14.tif,0.3,512,512,4352,768,-97.75027415985996,30.23738055087029,United States of America,North America,,developed,0.1522598266601562,urban_medium_density
Inria_austin14_4096_2560,images/Inria_austin14_4096_2560.png,labels/Inria_austin14_4096_2560.png,Inria,austin14.tif,0.3,512,512,4096,2560,-97.75027415985996,30.23738055087029,United States of America,North America,,developed,0.1927642822265625,urban_medium_density
Inria_chicago14_2560_1792,images/Inria_chicago14_2560_1792.png,labels/Inria_chicago14_2560_1792.png,Inria,chicago14.tif,0.3,512,512,2560,1792,-87.68357831788332,41.84461422457285,United States of America,North America,,developed,0.0937995910644531,suburban
Inria_austin29_3584_2048,images/Inria_austin29_3584_2048.png,labels/Inria_austin29_3584_2048.png,Inria,austin29.tif,0.3,512,512,3584,2048,-97.71857540334918,30.27767846337425,United States of America,North America,,developed,0.1551551818847656,urban_medium_density
Inria_chicago2_2816_1024,images/Inria_chicago2_2816_1024.png,labels/Inria_chicago2_2816_1024.png,Inria,chicago2.tif,0.3,512,512,2816,1024,-87.71971193526953,41.84439348529909,United States of America,North America,,developed,0.2521400451660156,urban_medium_density
Inria_austin10_768_512,images/Inria_austin10_768_512.png,labels/Inria_austin10_768_512.png,Inria,austin10.tif,0.3,512,512,768,512,-97.7655217930358,30.26459478905897,United States of America,North America,,developed,0.0012359619140625,sparse
Inria_austin4_4096_256,images/Inria_austin4_4096_256.png,labels/Inria_austin4_4096_256.png,Inria,austin4.tif,0.3,512,512,4096,256,-97.78111222433355,30.26474084036704,United States of America,North America,,developed,0.0203437805175781,rural
Inria_chicago11_4352_4352,images/Inria_chicago11_4352_4352.png,labels/Inria_chicago11_4352_4352.png,Inria,chicago11.tif,0.3,512,512,4352,4352,-87.70208844211948,41.8850331911901,United States of America,North America,,developed,0.2406158447265625,urban_medium_density
Inria_chicago28_3072_4096,images/Inria_chicago28_3072_4096.png,labels/Inria_chicago28_3072_4096.png,Inria,chicago28.tif,0.3,512,512,3072,4096,-87.64771690021131,41.87184254025684,United States of America,North America,,developed,0.1548843383789062,urban_medium_density
Inria_austin19_256_1280,images/Inria_austin19_256_1280.png,labels/Inria_austin19_256_1280.png,Inria,austin19.tif,0.3,512,512,256,1280,-97.7348615313939,30.223697822398897,United States of America,North America,,developed,0.2731819152832031,urban_medium_density
Inria_austin2_2816_2560,images/Inria_austin2_2816_2560.png,labels/Inria_austin2_2816_2560.png,Inria,austin2.tif,0.3,512,512,2816,2560,-97.78144636507442,30.237674191472944,United States of America,North America,,developed,0.171112060546875,urban_medium_density
Inria_austin30_1280_3328,images/Inria_austin30_1280_3328.png,labels/Inria_austin30_1280_3328.png,Inria,austin30.tif,0.3,512,512,1280,3328,-97.71839949248309,30.291211394221232,United States of America,North America,,developed,0.2194442749023437,urban_medium_density
Inria_chicago17_256_4352,images/Inria_chicago17_256_4352.png,labels/Inria_chicago17_256_4352.png,Inria,chicago17.tif,0.3,512,512,256,4352,-87.68401017138531,41.885142294186814,United States of America,North America,,developed,0.0180168151855468,rural
Inria_chicago16_512_2048,images/Inria_chicago16_512_2048.png,labels/Inria_chicago16_512_2048.png,Inria,chicago16.tif,0.3,512,512,512,2048,-87.6838661217244,41.87163296994226,United States of America,North America,,developed,0.4537391662597656,urban_high_density
Inria_chicago11_1024_1280,images/Inria_chicago11_1024_1280.png,labels/Inria_chicago11_1024_1280.png,Inria,chicago11.tif,0.3,512,512,1024,1280,-87.70208844211948,41.8850331911901,United States of America,North America,,developed,0.2201347351074218,urban_medium_density
Inria_chicago6_2560_3072,images/Inria_chicago6_2560_3072.png,labels/Inria_chicago6_2560_3072.png,Inria,chicago6.tif,0.3,512,512,2560,3072,-87.72031837795015,41.89843043038303,United States of America,North America,,developed,0.2530937194824219,urban_medium_density
Inria_chicago24_256_4096,images/Inria_chicago24_256_4096.png,labels/Inria_chicago24_256_4096.png,Inria,chicago24.tif,0.3,512,512,256,4096,-87.66607214117346,41.89875789359424,United States of America,North America,,developed,0.3910980224609375,urban_high_density
Inria_austin15_1792_3584,images/Inria_austin15_1792_3584.png,labels/Inria_austin15_1792_3584.png,Inria,austin15.tif,0.3,512,512,1792,3584,-97.75010287646958,30.25091373109872,United States of America,North America,,developed,0.293731689453125,urban_medium_density
SpaceNet_RIO_PS-RGB_mosaic_013022223131_17152_6656,images/SpaceNet_RIO_PS-RGB_mosaic_013022223131_17152_6656.png,labels/SpaceNet_RIO_PS-RGB_mosaic_013022223131_17152_6656.png,SpaceNet_RIO,PS-RGB_mosaic_013022223131.tif,0.5,512,512,17152,6656,-43.6376953125,-22.9833984375,Brazil,South America,0.754,developing,0.04827880859375,urban
SpaceNet_RIO_PS-RGB_mosaic_013022232022_1024_5632,images/SpaceNet_RIO_PS-RGB_mosaic_013022232022_1024_5632.png,labels/SpaceNet_RIO_PS-RGB_mosaic_013022232022_1024_5632.png,SpaceNet_RIO,PS-RGB_mosaic_013022232022.tif,0.5,512,512,1024,5632,-43.5498046875,-22.8955078125,Brazil,South America,0.754,developing,0.1086235046386718,urban
SpaceNet_RIO_PS-RGB_mosaic_013022232020_7680_9728,images/SpaceNet_RIO_PS-RGB_mosaic_013022232020_7680_9728.png,labels/SpaceNet_RIO_PS-RGB_mosaic_013022232020_7680_9728.png,SpaceNet_RIO,PS-RGB_mosaic_013022232020.tif,0.5,512,512,7680,9728,-43.5498046875,-22.9833984375,Brazil,South America,0.754,developing,0.0666084289550781,urban
SpaceNet_RIO_PS-RGB_mosaic_013022232200_8192_18688,images/SpaceNet_RIO_PS-RGB_mosaic_013022232200_8192_18688.png,labels/SpaceNet_RIO_PS-RGB_mosaic_013022232200_8192_18688.png,SpaceNet_RIO,PS-RGB_mosaic_013022232200.tif,0.5,512,512,8192,18688,-43.5498046875,-22.8076171875,Brazil,South America,0.754,developing,0.0293731689453125,urban
SpaceNet_RIO_PS-RGB_mosaic_013022232022_5632_13312,images/SpaceNet_RIO_PS-RGB_mosaic_013022232022_5632_13312.png,labels/SpaceNet_RIO_PS-RGB_mosaic_013022232022_5632_13312.png,SpaceNet_RIO,PS-RGB_mosaic_013022232022.tif,0.5,512,512,5632,13312,-43.5498046875,-22.8955078125,Brazil,South America,0.754,developing,0.2797088623046875,urban
SpaceNet_RIO_PS-RGB_mosaic_013022223131_7680_13312,images/SpaceNet_RIO_PS-RGB_mosaic_013022223131_7680_13312.png,labels/SpaceNet_RIO_PS-RGB_mosaic_013022223131_7680_13312.png,SpaceNet_RIO,PS-RGB_mosaic_013022223131.tif,0.5,512,512,7680,13312,-43.6376953125,-22.9833984375,Brazil,South America,0.754,developing,0.0975990295410156,urban
SpaceNet_RIO_PS-RGB_mosaic_013022223133_3584_15872,images/SpaceNet_RIO_PS-RGB_mosaic_013022223133_3584_15872.png,labels/SpaceNet_RIO_PS-RGB_mosaic_013022223133_3584_15872.png,SpaceNet_RIO,PS-RGB_mosaic_013022223133.tif,0.5,512,512,3584,15872,-43.6376953125,-22.8955078125,Brazil,South America,0.754,developing,0.020477294921875,urban
SpaceNet_RIO_PS-RGB_mosaic_013022223132_7424_8192,images/SpaceNet_RIO_PS-RGB_mosaic_013022223132_7424_8192.png,labels/SpaceNet_RIO_PS-RGB_mosaic_013022223132_7424_8192.png,SpaceNet_RIO,PS-RGB_mosaic_013022223132.tif,0.5,512,512,7424,8192,-43.7255859375,-22.8955078125,Brazil,South America,0.754,developing,0.0339088439941406,urban
SpaceNet_RIO_PS-RGB_mosaic_013022232022_17408_14080,images/SpaceNet_RIO_PS-RGB_mosaic_013022232022_17408_14080.png,labels/SpaceNet_RIO_PS-RGB_mosaic_013022232022_17408_14080.png,SpaceNet_RIO,PS-RGB_mosaic_013022232022.tif,0.5,512,512,17408,14080,-43.5498046875,-22.8955078125,Brazil,South America,0.754,developing,0.1087112426757812,urban
SpaceNet_RIO_PS-RGB_mosaic_013022223133_14592_9728,images/SpaceNet_RIO_PS-RGB_mosaic_013022223133_14592_9728.png,labels/SpaceNet_RIO_PS-RGB_mosaic_013022223133_14592_9728.png,SpaceNet_RIO,PS-RGB_mosaic_013022223133.tif,0.5,512,512,14592,9728,-43.6376953125,-22.8955078125,Brazil,South America,0.754,developing,0.0430984497070312,urban
SpaceNet_RIO_PS-RGB_mosaic_013022223133_2048_8192,images/SpaceNet_RIO_PS-RGB_mosaic_013022223133_2048_8192.png,labels/SpaceNet_RIO_PS-RGB_mosaic_013022223133_2048_8192.png,SpaceNet_RIO,PS-RGB_mosaic_013022223133.tif,0.5,512,512,2048,8192,-43.6376953125,-22.8955078125,Brazil,South America,0.754,developing,0.1912117004394531,urban
SpaceNet_RIO_PS-RGB_mosaic_013022223131_5888_4096,images/SpaceNet_RIO_PS-RGB_mosaic_013022223131_5888_4096.png,labels/SpaceNet_RIO_PS-RGB_mosaic_013022223131_5888_4096.png,SpaceNet_RIO,PS-RGB_mosaic_013022223131.tif,0.5,512,512,5888,4096,-43.6376953125,-22.9833984375,Brazil,South America,0.754,developing,0.0528450012207031,urban
SpaceNet_RIO_PS-RGB_mosaic_013022232020_6656_1024,images/SpaceNet_RIO_PS-RGB_mosaic_013022232020_6656_1024.png,labels/SpaceNet_RIO_PS-RGB_mosaic_013022232020_6656_1024.png,SpaceNet_RIO,PS-RGB_mosaic_013022232020.tif,0.5,512,512,6656,1024,-43.5498046875,-22.9833984375,Brazil,South America,0.754,developing,0.1292457580566406,urban
SpaceNet_RIO_PS-RGB_mosaic_013022223130_17920_7936,images/SpaceNet_RIO_PS-RGB_mosaic_013022223130_17920_7936.png,labels/SpaceNet_RIO_PS-RGB_mosaic_013022223130_17920_7936.png,SpaceNet_RIO,PS-RGB_mosaic_013022223130.tif,0.5,512,512,17920,7936,-43.7255859375,-22.9833984375,Brazil,South America,0.754,developing,0.1743927001953125,urban
SpaceNet_RIO_PS-RGB_mosaic_013022232022_11008_1536,images/SpaceNet_RIO_PS-RGB_mosaic_013022232022_11008_1536.png,labels/SpaceNet_RIO_PS-RGB_mosaic_013022232022_11008_1536.png,SpaceNet_RIO,PS-RGB_mosaic_013022232022.tif,0.5,512,512,11008,1536,-43.5498046875,-22.8955078125,Brazil,South America,0.754,developing,0.2221870422363281,urban
SpaceNet_RIO_PS-RGB_mosaic_013022232022_13824_16896,images/SpaceNet_RIO_PS-RGB_mosaic_013022232022_13824_16896.png,labels/SpaceNet_RIO_PS-RGB_mosaic_013022232022_13824_16896.png,SpaceNet_RIO,PS-RGB_mosaic_013022232022.tif,0.5,512,512,13824,16896,-43.5498046875,-22.8955078125,Brazil,South America,0.754,developing,0.0571250915527343,urban
SpaceNet_RIO_PS-RGB_mosaic_013022223133_256_12800,images/SpaceNet_RIO_PS-RGB_mosaic_013022223133_256_12800.png,labels/SpaceNet_RIO_PS-RGB_mosaic_013022223133_256_12800.png,SpaceNet_RIO,PS-RGB_mosaic_013022223133.tif,0.5,512,512,256,12800,-43.6376953125,-22.8955078125,Brazil,South America,0.754,developing,0.275360107421875,urban
SpaceNet_RIO_PS-RGB_mosaic_013022232022_18688_17920,images/SpaceNet_RIO_PS-RGB_mosaic_013022232022_18688_17920.png,labels/SpaceNet_RIO_PS-RGB_mosaic_013022232022_18688_17920.png,SpaceNet_RIO,PS-RGB_mosaic_013022232022.tif,0.5,512,512,18688,17920,-43.5498046875,-22.8955078125,Brazil,South America,0.754,developing,0.0042266845703125,urban
SpaceNet_RIO_PS-RGB_mosaic_013022232022_7168_13568,images/SpaceNet_RIO_PS-RGB_mosaic_013022232022_7168_13568.png,labels/SpaceNet_RIO_PS-RGB_mosaic_013022232022_7168_13568.png,SpaceNet_RIO,PS-RGB_mosaic_013022232022.tif,0.5,512,512,7168,13568,-43.5498046875,-22.8955078125,Brazil,South America,0.754,developing,0.2713584899902344,urban
SpaceNet_RIO_PS-RGB_mosaic_013022232020_3072_5888,images/SpaceNet_RIO_PS-RGB_mosaic_013022232020_3072_5888.png,labels/SpaceNet_RIO_PS-RGB_mosaic_013022232020_3072_5888.png,SpaceNet_RIO,PS-RGB_mosaic_013022232020.tif,0.5,512,512,3072,5888,-43.5498046875,-22.9833984375,Brazil,South America,0.754,developing,0.0053291320800781,urban
SpaceNet_RIO_PS-RGB_mosaic_013022232020_4608_512,images/SpaceNet_RIO_PS-RGB_mosaic_013022232020_4608_512.png,labels/SpaceNet_RIO_PS-RGB_mosaic_013022232020_4608_512.png,SpaceNet_RIO,PS-RGB_mosaic_013022232020.tif,0.5,512,512,4608,512,-43.5498046875,-22.9833984375,Brazil,South America,0.754,developing,0.0676078796386718,urban
SpaceNet_RIO_PS-RGB_mosaic_013022223133_9984_7424,images/SpaceNet_RIO_PS-RGB_mosaic_013022223133_9984_7424.png,labels/SpaceNet_RIO_PS-RGB_mosaic_013022223133_9984_7424.png,SpaceNet_RIO,PS-RGB_mosaic_013022223133.tif,0.5,512,512,9984,7424,-43.6376953125,-22.8955078125,Brazil,South America,0.754,developing,0.2171440124511718,urban
SpaceNet_RIO_PS-RGB_mosaic_013022232022_4352_8448,images/SpaceNet_RIO_PS-RGB_mosaic_013022232022_4352_8448.png,labels/SpaceNet_RIO_PS-RGB_mosaic_013022232022_4352_8448.png,SpaceNet_RIO,PS-RGB_mosaic_013022232022.tif,0.5,512,512,4352,8448,-43.5498046875,-22.8955078125,Brazil,South America,0.754,developing,0.2972679138183594,urban
SpaceNet_RIO_PS-RGB_mosaic_013022223131_0_7680,images/SpaceNet_RIO_PS-RGB_mosaic_013022223131_0_7680.png,labels/SpaceNet_RIO_PS-RGB_mosaic_013022223131_0_7680.png,SpaceNet_RIO,PS-RGB_mosaic_013022223131.tif,0.5,512,512,0,7680,-43.6376953125,-22.9833984375,Brazil,South America,0.754,developing,0.0653953552246093,urban
SpaceNet_RIO_PS-RGB_mosaic_013022232020_512_1536,images/SpaceNet_RIO_PS-RGB_mosaic_013022232020_512_1536.png,labels/SpaceNet_RIO_PS-RGB_mosaic_013022232020_512_1536.png,SpaceNet_RIO,PS-RGB_mosaic_013022232020.tif,0.5,512,512,512,1536,-43.5498046875,-22.9833984375,Brazil,South America,0.754,developing,0.0609931945800781,urban
SpaceNet_RIO_PS-RGB_mosaic_013022232022_15104_17152,images/SpaceNet_RIO_PS-RGB_mosaic_013022232022_15104_17152.png,labels/SpaceNet_RIO_PS-RGB_mosaic_013022232022_15104_17152.png,SpaceNet_RIO,PS-RGB_mosaic_013022232022.tif,0.5,512,512,15104,17152,-43.5498046875,-22.8955078125,Brazil,South America,0.754,developing,0.0071258544921875,urban
SpaceNet_RIO_PS-RGB_mosaic_013022223132_7424_8448,images/SpaceNet_RIO_PS-RGB_mosaic_013022223132_7424_8448.png,labels/SpaceNet_RIO_PS-RGB_mosaic_013022223132_7424_8448.png,SpaceNet_RIO,PS-RGB_mosaic_013022223132.tif,0.5,512,512,7424,8448,-43.7255859375,-22.8955078125,Brazil,South America,0.754,developing,0.11053466796875,urban
SpaceNet_RIO_PS-RGB_mosaic_013022232022_7680_11264,images/SpaceNet_RIO_PS-RGB_mosaic_013022232022_7680_11264.png,labels/SpaceNet_RIO_PS-RGB_mosaic_013022232022_7680_11264.png,SpaceNet_RIO,PS-RGB_mosaic_013022232022.tif,0.5,512,512,7680,11264,-43.5498046875,-22.8955078125,Brazil,South America,0.754,developing,0.5467147827148438,urban
SpaceNet_RIO_PS-RGB_mosaic_013022223130_18176_6144,images/SpaceNet_RIO_PS-RGB_mosaic_013022223130_18176_6144.png,labels/SpaceNet_RIO_PS-RGB_mosaic_013022223130_18176_6144.png,SpaceNet_RIO,PS-RGB_mosaic_013022223130.tif,0.5,512,512,18176,6144,-43.7255859375,-22.9833984375,Brazil,South America,0.754,developing,0.0723609924316406,urban
SpaceNet_RIO_PS-RGB_mosaic_013022223133_15872_9984,images/SpaceNet_RIO_PS-RGB_mosaic_013022223133_15872_9984.png,labels/SpaceNet_RIO_PS-RGB_mosaic_013022223133_15872_9984.png,SpaceNet_RIO,PS-RGB_mosaic_013022223133.tif,0.5,512,512,15872,9984,-43.6376953125,-22.8955078125,Brazil,South America,0.754,developing,0.1127853393554687,urban
SpaceNet_RIO_PS-RGB_mosaic_013022223131_10496_6144,images/SpaceNet_RIO_PS-RGB_mosaic_013022223131_10496_6144.png,labels/SpaceNet_RIO_PS-RGB_mosaic_013022223131_10496_6144.png,SpaceNet_RIO,PS-RGB_mosaic_013022223131.tif,0.5,512,512,10496,6144,-43.6376953125,-22.9833984375,Brazil,South America,0.754,developing,0.0021896362304687,urban
SpaceNet_RIO_PS-RGB_mosaic_013022223133_2816_18944,images/SpaceNet_RIO_PS-RGB_mosaic_013022223133_2816_18944.png,labels/SpaceNet_RIO_PS-RGB_mosaic_013022223133_2816_18944.png,SpaceNet_RIO,PS-RGB_mosaic_013022223133.tif,0.5,512,512,2816,18944,-43.6376953125,-22.8955078125,Brazil,South America,0.754,developing,0.2277030944824218,urban
SpaceNet_RIO_PS-RGB_mosaic_013022223131_12800_12032,images/SpaceNet_RIO_PS-RGB_mosaic_013022223131_12800_12032.png,labels/SpaceNet_RIO_PS-RGB_mosaic_013022223131_12800_12032.png,SpaceNet_RIO,PS-RGB_mosaic_013022223131.tif,0.5,512,512,12800,12032,-43.6376953125,-22.9833984375,Brazil,South America,0.754,developing,0.2910003662109375,urban
SpaceNet_RIO_PS-RGB_mosaic_013022223133_0_15616,images/SpaceNet_RIO_PS-RGB_mosaic_013022223133_0_15616.png,labels/SpaceNet_RIO_PS-RGB_mosaic_013022223133_0_15616.png,SpaceNet_RIO,PS-RGB_mosaic_013022223133.tif,0.5,512,512,0,15616,-43.6376953125,-22.8955078125,Brazil,South America,0.754,developing,0.3112525939941406,urban
SpaceNet_RIO_PS-RGB_mosaic_013022223132_9216_11520,images/SpaceNet_RIO_PS-RGB_mosaic_013022223132_9216_11520.png,labels/SpaceNet_RIO_PS-RGB_mosaic_013022223132_9216_11520.png,SpaceNet_RIO,PS-RGB_mosaic_013022223132.tif,0.5,512,512,9216,11520,-43.7255859375,-22.8955078125,Brazil,South America,0.754,developing,0.0194015502929687,urban
SpaceNet_RIO_PS-RGB_mosaic_013022232022_3072_16896,images/SpaceNet_RIO_PS-RGB_mosaic_013022232022_3072_16896.png,labels/SpaceNet_RIO_PS-RGB_mosaic_013022232022_3072_16896.png,SpaceNet_RIO,PS-RGB_mosaic_013022232022.tif,0.5,512,512,3072,16896,-43.5498046875,-22.8955078125,Brazil,South America,0.754,developing,0.1198577880859375,urban
SpaceNet_RIO_PS-RGB_mosaic_013022223133_0_16640,images/SpaceNet_RIO_PS-RGB_mosaic_013022223133_0_16640.png,labels/SpaceNet_RIO_PS-RGB_mosaic_013022223133_0_16640.png,SpaceNet_RIO,PS-RGB_mosaic_013022223133.tif,0.5,512,512,0,16640,-43.6376953125,-22.8955078125,Brazil,South America,0.754,developing,0.2530708312988281,urban
SpaceNet_RIO_PS-RGB_mosaic_013022232020_7680_10240,images/SpaceNet_RIO_PS-RGB_mosaic_013022232020_7680_10240.png,labels/SpaceNet_RIO_PS-RGB_mosaic_013022232020_7680_10240.png,SpaceNet_RIO,PS-RGB_mosaic_013022232020.tif,0.5,512,512,7680,10240,-43.5498046875,-22.9833984375,Brazil,South America,0.754,developing,0.0615501403808593,urban
SpaceNet_RIO_PS-RGB_mosaic_013022223131_4352_2560,images/SpaceNet_RIO_PS-RGB_mosaic_013022223131_4352_2560.png,labels/SpaceNet_RIO_PS-RGB_mosaic_013022223131_4352_2560.png,SpaceNet_RIO,PS-RGB_mosaic_013022223131.tif,0.5,512,512,4352,2560,-43.6376953125,-22.9833984375,Brazil,South America,0.754,developing,0.0004310607910156,urban
SpaceNet_RIO_PS-RGB_mosaic_013022223132_8448_7424,images/SpaceNet_RIO_PS-RGB_mosaic_013022223132_8448_7424.png,labels/SpaceNet_RIO_PS-RGB_mosaic_013022223132_8448_7424.png,SpaceNet_RIO,PS-RGB_mosaic_013022223132.tif,0.5,512,512,8448,7424,-43.7255859375,-22.8955078125,Brazil,South America,0.754,developing,0.0323295593261718,urban
SpaceNet_RIO_PS-RGB_mosaic_013022232020_7168_2048,images/SpaceNet_RIO_PS-RGB_mosaic_013022232020_7168_2048.png,labels/SpaceNet_RIO_PS-RGB_mosaic_013022232020_7168_2048.png,SpaceNet_RIO,PS-RGB_mosaic_013022232020.tif,0.5,512,512,7168,2048,-43.5498046875,-22.9833984375,Brazil,South America,0.754,developing,0.0409698486328125,urban
SpaceNet_RIO_PS-RGB_mosaic_013022223131_10240_12288,images/SpaceNet_RIO_PS-RGB_mosaic_013022223131_10240_12288.png,labels/SpaceNet_RIO_PS-RGB_mosaic_013022223131_10240_12288.png,SpaceNet_RIO,PS-RGB_mosaic_013022223131.tif,0.5,512,512,10240,12288,-43.6376953125,-22.9833984375,Brazil,South America,0.754,developing,0.0328598022460937,urban
SpaceNet_RIO_PS-RGB_mosaic_013022223131_3584_7936,images/SpaceNet_RIO_PS-RGB_mosaic_013022223131_3584_7936.png,labels/SpaceNet_RIO_PS-RGB_mosaic_013022223131_3584_7936.png,SpaceNet_RIO,PS-RGB_mosaic_013022223131.tif,0.5,512,512,3584,7936,-43.6376953125,-22.9833984375,Brazil,South America,0.754,developing,0.161956787109375,urban
SpaceNet_RIO_PS-RGB_mosaic_013022232022_14848_16384,images/SpaceNet_RIO_PS-RGB_mosaic_013022232022_14848_16384.png,labels/SpaceNet_RIO_PS-RGB_mosaic_013022232022_14848_16384.png,SpaceNet_RIO,PS-RGB_mosaic_013022232022.tif,0.5,512,512,14848,16384,-43.5498046875,-22.8955078125,Brazil,South America,0.754,developing,0.0173072814941406,urban
SpaceNet_RIO_PS-RGB_mosaic_013022223131_17408_6144,images/SpaceNet_RIO_PS-RGB_mosaic_013022223131_17408_6144.png,labels/SpaceNet_RIO_PS-RGB_mosaic_013022223131_17408_6144.png,SpaceNet_RIO,PS-RGB_mosaic_013022223131.tif,0.5,512,512,17408,6144,-43.6376953125,-22.9833984375,Brazil,South America,0.754,developing,0.0428009033203125,urban
SpaceNet_RIO_PS-RGB_mosaic_013022223133_11008_12800,images/SpaceNet_RIO_PS-RGB_mosaic_013022223133_11008_12800.png,labels/SpaceNet_RIO_PS-RGB_mosaic_013022223133_11008_12800.png,SpaceNet_RIO,PS-RGB_mosaic_013022223133.tif,0.5,512,512,11008,12800,-43.6376953125,-22.8955078125,Brazil,South America,0.754,developing,0.0625076293945312,urban
SpaceNet_RIO_PS-RGB_mosaic_013022232022_12544_12288,images/SpaceNet_RIO_PS-RGB_mosaic_013022232022_12544_12288.png,labels/SpaceNet_RIO_PS-RGB_mosaic_013022232022_12544_12288.png,SpaceNet_RIO,PS-RGB_mosaic_013022232022.tif,0.5,512,512,12544,12288,-43.5498046875,-22.8955078125,Brazil,South America,0.754,developing,0.2790679931640625,urban
SpaceNet_RIO_PS-RGB_mosaic_013022223133_16896_8960,images/SpaceNet_RIO_PS-RGB_mosaic_013022223133_16896_8960.png,labels/SpaceNet_RIO_PS-RGB_mosaic_013022223133_16896_8960.png,SpaceNet_RIO,PS-RGB_mosaic_013022223133.tif,0.5,512,512,16896,8960,-43.6376953125,-22.8955078125,Brazil,South America,0.754,developing,0.3912010192871094,urban
SpaceNet_RIO_PS-RGB_mosaic_013022223133_4608_10752,images/SpaceNet_RIO_PS-RGB_mosaic_013022223133_4608_10752.png,labels/SpaceNet_RIO_PS-RGB_mosaic_013022223133_4608_10752.png,SpaceNet_RIO,PS-RGB_mosaic_013022223133.tif,0.5,512,512,4608,10752,-43.6376953125,-22.8955078125,Brazil,South America,0.754,developing,0.0581779479980468,urban
SpaceNet_RIO_PS-RGB_mosaic_013022223131_16128_7936,images/SpaceNet_RIO_PS-RGB_mosaic_013022223131_16128_7936.png,labels/SpaceNet_RIO_PS-RGB_mosaic_013022223131_16128_7936.png,SpaceNet_RIO,PS-RGB_mosaic_013022223131.tif,0.5,512,512,16128,7936,-43.6376953125,-22.9833984375,Brazil,South America,0.754,developing,0.0048866271972656,urban
SpaceNet_RIO_PS-RGB_mosaic_013022232020_8704_256,images/SpaceNet_RIO_PS-RGB_mosaic_013022232020_8704_256.png,labels/SpaceNet_RIO_PS-RGB_mosaic_013022232020_8704_256.png,SpaceNet_RIO,PS-RGB_mosaic_013022232020.tif,0.5,512,512,8704,256,-43.5498046875,-22.9833984375,Brazil,South America,0.754,developing,0.1518478393554687,urban
SpaceNet_RIO_PS-RGB_mosaic_013022232022_11776_1024,images/SpaceNet_RIO_PS-RGB_mosaic_013022232022_11776_1024.png,labels/SpaceNet_RIO_PS-RGB_mosaic_013022232022_11776_1024.png,SpaceNet_RIO,PS-RGB_mosaic_013022232022.tif,0.5,512,512,11776,1024,-43.5498046875,-22.8955078125,Brazil,South America,0.754,developing,0.3135795593261719,urban
SpaceNet_RIO_PS-RGB_mosaic_013022232022_5632_7168,images/SpaceNet_RIO_PS-RGB_mosaic_013022232022_5632_7168.png,labels/SpaceNet_RIO_PS-RGB_mosaic_013022232022_5632_7168.png,SpaceNet_RIO,PS-RGB_mosaic_013022232022.tif,0.5,512,512,5632,7168,-43.5498046875,-22.8955078125,Brazil,South America,0.754,developing,0.302764892578125,urban
SpaceNet_RIO_PS-RGB_mosaic_013022223133_5120_17152,images/SpaceNet_RIO_PS-RGB_mosaic_013022223133_5120_17152.png,labels/SpaceNet_RIO_PS-RGB_mosaic_013022223133_5120_17152.png,SpaceNet_RIO,PS-RGB_mosaic_013022223133.tif,0.5,512,512,5120,17152,-43.6376953125,-22.8955078125,Brazil,South America,0.754,developing,0.1715965270996093,urban
SpaceNet_RIO_PS-RGB_mosaic_013022232022_5376_15872,images/SpaceNet_RIO_PS-RGB_mosaic_013022232022_5376_15872.png,labels/SpaceNet_RIO_PS-RGB_mosaic_013022232022_5376_15872.png,SpaceNet_RIO,PS-RGB_mosaic_013022232022.tif,0.5,512,512,5376,15872,-43.5498046875,-22.8955078125,Brazil,South America,0.754,developing,0.2090797424316406,urban
SpaceNet_RIO_PS-RGB_mosaic_013022223130_10752_256,images/SpaceNet_RIO_PS-RGB_mosaic_013022223130_10752_256.png,labels/SpaceNet_RIO_PS-RGB_mosaic_013022223130_10752_256.png,SpaceNet_RIO,PS-RGB_mosaic_013022223130.tif,0.5,512,512,10752,256,-43.7255859375,-22.9833984375,Brazil,South America,0.754,developing,0.0038681030273437,urban
SpaceNet_RIO_PS-RGB_mosaic_013022223132_13568_9984,images/SpaceNet_RIO_PS-RGB_mosaic_013022223132_13568_9984.png,labels/SpaceNet_RIO_PS-RGB_mosaic_013022223132_13568_9984.png,SpaceNet_RIO,PS-RGB_mosaic_013022223132.tif,0.5,512,512,13568,9984,-43.7255859375,-22.8955078125,Brazil,South America,0.754,developing,0.0185317993164062,urban
SpaceNet_RIO_PS-RGB_mosaic_013022232020_3584_7168,images/SpaceNet_RIO_PS-RGB_mosaic_013022232020_3584_7168.png,labels/SpaceNet_RIO_PS-RGB_mosaic_013022232020_3584_7168.png,SpaceNet_RIO,PS-RGB_mosaic_013022232020.tif,0.5,512,512,3584,7168,-43.5498046875,-22.9833984375,Brazil,South America,0.754,developing,0.098419189453125,urban
SpaceNet_RIO_PS-RGB_mosaic_013022223130_14592_7424,images/SpaceNet_RIO_PS-RGB_mosaic_013022223130_14592_7424.png,labels/SpaceNet_RIO_PS-RGB_mosaic_013022223130_14592_7424.png,SpaceNet_RIO,PS-RGB_mosaic_013022223130.tif,0.5,512,512,14592,7424,-43.7255859375,-22.9833984375,Brazil,South America,0.754,developing,0.3212547302246094,urban
SpaceNet_RIO_PS-RGB_mosaic_013022223133_4608_15360,images/SpaceNet_RIO_PS-RGB_mosaic_013022223133_4608_15360.png,labels/SpaceNet_RIO_PS-RGB_mosaic_013022223133_4608_15360.png,SpaceNet_RIO,PS-RGB_mosaic_013022223133.tif,0.5,512,512,4608,15360,-43.6376953125,-22.8955078125,Brazil,South America,0.754,developing,0.0038375854492187,urban
SpaceNet_RIO_PS-RGB_mosaic_013022223133_3328_6656,images/SpaceNet_RIO_PS-RGB_mosaic_013022223133_3328_6656.png,labels/SpaceNet_RIO_PS-RGB_mosaic_013022223133_3328_6656.png,SpaceNet_RIO,PS-RGB_mosaic_013022223133.tif,0.5,512,512,3328,6656,-43.6376953125,-22.8955078125,Brazil,South America,0.754,developing,0.0191535949707031,urban
SpaceNet_RIO_PS-RGB_mosaic_013022232020_3328_7680,images/SpaceNet_RIO_PS-RGB_mosaic_013022232020_3328_7680.png,labels/SpaceNet_RIO_PS-RGB_mosaic_013022232020_3328_7680.png,SpaceNet_RIO,PS-RGB_mosaic_013022232020.tif,0.5,512,512,3328,7680,-43.5498046875,-22.9833984375,Brazil,South America,0.754,developing,0.0348281860351562,urban
SpaceNet_RIO_PS-RGB_mosaic_013022232020_9472_6144,images/SpaceNet_RIO_PS-RGB_mosaic_013022232020_9472_6144.png,labels/SpaceNet_RIO_PS-RGB_mosaic_013022232020_9472_6144.png,SpaceNet_RIO,PS-RGB_mosaic_013022232020.tif,0.5,512,512,9472,6144,-43.5498046875,-22.9833984375,Brazil,South America,0.754,developing,0.0053634643554687,urban
SpaceNet_RIO_PS-RGB_mosaic_013022223133_8704_13312,images/SpaceNet_RIO_PS-RGB_mosaic_013022223133_8704_13312.png,labels/SpaceNet_RIO_PS-RGB_mosaic_013022223133_8704_13312.png,SpaceNet_RIO,PS-RGB_mosaic_013022223133.tif,0.5,512,512,8704,13312,-43.6376953125,-22.8955078125,Brazil,South America,0.754,developing,0.001953125,urban
SpaceNet_RIO_PS-RGB_mosaic_013022223131_12800_6912,images/SpaceNet_RIO_PS-RGB_mosaic_013022223131_12800_6912.png,labels/SpaceNet_RIO_PS-RGB_mosaic_013022223131_12800_6912.png,SpaceNet_RIO,PS-RGB_mosaic_013022223131.tif,0.5,512,512,12800,6912,-43.6376953125,-22.9833984375,Brazil,South America,0.754,developing,0.0051460266113281,urban
SpaceNet_RIO_PS-RGB_mosaic_013022232020_7936_256,images/SpaceNet_RIO_PS-RGB_mosaic_013022232020_7936_256.png,labels/SpaceNet_RIO_PS-RGB_mosaic_013022232020_7936_256.png,SpaceNet_RIO,PS-RGB_mosaic_013022232020.tif,0.5,512,512,7936,256,-43.5498046875,-22.9833984375,Brazil,South America,0.754,developing,0.0241889953613281,urban
SpaceNet_RIO_PS-RGB_mosaic_013022223131_5376_2816,images/SpaceNet_RIO_PS-RGB_mosaic_013022223131_5376_2816.png,labels/SpaceNet_RIO_PS-RGB_mosaic_013022223131_5376_2816.png,SpaceNet_RIO,PS-RGB_mosaic_013022223131.tif,0.5,512,512,5376,2816,-43.6376953125,-22.9833984375,Brazil,South America,0.754,developing,0.0248298645019531,urban
SpaceNet_RIO_PS-RGB_mosaic_013022223133_16896_8448,images/SpaceNet_RIO_PS-RGB_mosaic_013022223133_16896_8448.png,labels/SpaceNet_RIO_PS-RGB_mosaic_013022223133_16896_8448.png,SpaceNet_RIO,PS-RGB_mosaic_013022223133.tif,0.5,512,512,16896,8448,-43.6376953125,-22.8955078125,Brazil,South America,0.754,developing,0.4307823181152344,urban
SpaceNet_RIO_PS-RGB_mosaic_013022232022_1280_13824,images/SpaceNet_RIO_PS-RGB_mosaic_013022232022_1280_13824.png,labels/SpaceNet_RIO_PS-RGB_mosaic_013022232022_1280_13824.png,SpaceNet_RIO,PS-RGB_mosaic_013022232022.tif,0.5,512,512,1280,13824,-43.5498046875,-22.8955078125,Brazil,South America,0.754,developing,0.1529350280761718,urban
SpaceNet_RIO_PS-RGB_mosaic_013022223133_9984_6144,images/SpaceNet_RIO_PS-RGB_mosaic_013022223133_9984_6144.png,labels/SpaceNet_RIO_PS-RGB_mosaic_013022223133_9984_6144.png,SpaceNet_RIO,PS-RGB_mosaic_013022223133.tif,0.5,512,512,9984,6144,-43.6376953125,-22.8955078125,Brazil,South America,0.754,developing,0.128448486328125,urban
SpaceNet_RIO_PS-RGB_mosaic_013022223132_6912_13824,images/SpaceNet_RIO_PS-RGB_mosaic_013022223132_6912_13824.png,labels/SpaceNet_RIO_PS-RGB_mosaic_013022223132_6912_13824.png,SpaceNet_RIO,PS-RGB_mosaic_013022223132.tif,0.5,512,512,6912,13824,-43.7255859375,-22.8955078125,Brazil,South America,0.754,developing,0.0310745239257812,urban
SpaceNet_RIO_PS-RGB_mosaic_013022223131_4608_7936,images/SpaceNet_RIO_PS-RGB_mosaic_013022223131_4608_7936.png,labels/SpaceNet_RIO_PS-RGB_mosaic_013022223131_4608_7936.png,SpaceNet_RIO,PS-RGB_mosaic_013022223131.tif,0.5,512,512,4608,7936,-43.6376953125,-22.9833984375,Brazil,South America,0.754,developing,0.0817985534667968,urban
SpaceNet_RIO_PS-RGB_mosaic_013022232022_6400_6400,images/SpaceNet_RIO_PS-RGB_mosaic_013022232022_6400_6400.png,labels/SpaceNet_RIO_PS-RGB_mosaic_013022232022_6400_6400.png,SpaceNet_RIO,PS-RGB_mosaic_013022232022.tif,0.5,512,512,6400,6400,-43.5498046875,-22.8955078125,Brazil,South America,0.754,developing,0.0636100769042968,urban
SpaceNet_RIO_PS-RGB_mosaic_013022223132_13056_16640,images/SpaceNet_RIO_PS-RGB_mosaic_013022223132_13056_16640.png,labels/SpaceNet_RIO_PS-RGB_mosaic_013022223132_13056_16640.png,SpaceNet_RIO,PS-RGB_mosaic_013022223132.tif,0.5,512,512,13056,16640,-43.7255859375,-22.8955078125,Brazil,South America,0.754,developing,0.1217689514160156,urban
SpaceNet_RIO_PS-RGB_mosaic_013022232023_2304_10752,images/SpaceNet_RIO_PS-RGB_mosaic_013022232023_2304_10752.png,labels/SpaceNet_RIO_PS-RGB_mosaic_013022232023_2304_10752.png,SpaceNet_RIO,PS-RGB_mosaic_013022232023.tif,0.5,512,512,2304,10752,-43.4619140625,-22.8955078125,Brazil,South America,0.754,developing,0.0017242431640625,urban
SpaceNet_RIO_PS-RGB_mosaic_013022223132_6912_6912,images/SpaceNet_RIO_PS-RGB_mosaic_013022223132_6912_6912.png,labels/SpaceNet_RIO_PS-RGB_mosaic_013022223132_6912_6912.png,SpaceNet_RIO,PS-RGB_mosaic_013022223132.tif,0.5,512,512,6912,6912,-43.7255859375,-22.8955078125,Brazil,South America,0.754,developing,0.0873603820800781,urban
SpaceNet_RIO_PS-RGB_mosaic_013022232022_8448_7680,images/SpaceNet_RIO_PS-RGB_mosaic_013022232022_8448_7680.png,labels/SpaceNet_RIO_PS-RGB_mosaic_013022232022_8448_7680.png,SpaceNet_RIO,PS-RGB_mosaic_013022232022.tif,0.5,512,512,8448,7680,-43.5498046875,-22.8955078125,Brazil,South America,0.754,developing,0.4860115051269531,urban
SpaceNet_RIO_PS-RGB_mosaic_013022232022_11008_5632,images/SpaceNet_RIO_PS-RGB_mosaic_013022232022_11008_5632.png,labels/SpaceNet_RIO_PS-RGB_mosaic_013022232022_11008_5632.png,SpaceNet_RIO,PS-RGB_mosaic_013022232022.tif,0.5,512,512,11008,5632,-43.5498046875,-22.8955078125,Brazil,South America,0.754,developing,0.147430419921875,urban
SpaceNet_RIO_PS-RGB_mosaic_013022232022_14080_15104,images/SpaceNet_RIO_PS-RGB_mosaic_013022232022_14080_15104.png,labels/SpaceNet_RIO_PS-RGB_mosaic_013022232022_14080_15104.png,SpaceNet_RIO,PS-RGB_mosaic_013022232022.tif,0.5,512,512,14080,15104,-43.5498046875,-22.8955078125,Brazil,South America,0.754,developing,0.2395668029785156,urban
SpaceNet_RIO_PS-RGB_mosaic_013022232022_7424_15872,images/SpaceNet_RIO_PS-RGB_mosaic_013022232022_7424_15872.png,labels/SpaceNet_RIO_PS-RGB_mosaic_013022232022_7424_15872.png,SpaceNet_RIO,PS-RGB_mosaic_013022232022.tif,0.5,512,512,7424,15872,-43.5498046875,-22.8955078125,Brazil,South America,0.754,developing,0.4141349792480469,urban
SpaceNet_RIO_PS-RGB_mosaic_013022232022_11520_14848,images/SpaceNet_RIO_PS-RGB_mosaic_013022232022_11520_14848.png,labels/SpaceNet_RIO_PS-RGB_mosaic_013022232022_11520_14848.png,SpaceNet_RIO,PS-RGB_mosaic_013022232022.tif,0.5,512,512,11520,14848,-43.5498046875,-22.8955078125,Brazil,South America,0.754,developing,0.2228736877441406,urban
SpaceNet_RIO_PS-RGB_mosaic_013022232022_5120_7680,images/SpaceNet_RIO_PS-RGB_mosaic_013022232022_5120_7680.png,labels/SpaceNet_RIO_PS-RGB_mosaic_013022232022_5120_7680.png,SpaceNet_RIO,PS-RGB_mosaic_013022232022.tif,0.5,512,512,5120,7680,-43.5498046875,-22.8955078125,Brazil,South America,0.754,developing,0.3710975646972656,urban
SpaceNet_RIO_PS-RGB_mosaic_013022223131_3584_2304,images/SpaceNet_RIO_PS-RGB_mosaic_013022223131_3584_2304.png,labels/SpaceNet_RIO_PS-RGB_mosaic_013022223131_3584_2304.png,SpaceNet_RIO,PS-RGB_mosaic_013022223131.tif,0.5,512,512,3584,2304,-43.6376953125,-22.9833984375,Brazil,South America,0.754,developing,0.0121803283691406,urban
SpaceNet_RIO_PS-RGB_mosaic_013022232022_8704_4864,images/SpaceNet_RIO_PS-RGB_mosaic_013022232022_8704_4864.png,labels/SpaceNet_RIO_PS-RGB_mosaic_013022232022_8704_4864.png,SpaceNet_RIO,PS-RGB_mosaic_013022232022.tif,0.5,512,512,8704,4864,-43.5498046875,-22.8955078125,Brazil,South America,0.754,developing,0.0351448059082031,urban
SpaceNet_RIO_PS-RGB_mosaic_013022223133_5120_7936,images/SpaceNet_RIO_PS-RGB_mosaic_013022223133_5120_7936.png,labels/SpaceNet_RIO_PS-RGB_mosaic_013022223133_5120_7936.png,SpaceNet_RIO,PS-RGB_mosaic_013022223133.tif,0.5,512,512,5120,7936,-43.6376953125,-22.8955078125,Brazil,South America,0.754,developing,0.0259590148925781,urban
SpaceNet_RIO_PS-RGB_mosaic_013022223133_512_9728,images/SpaceNet_RIO_PS-RGB_mosaic_013022223133_512_9728.png,labels/SpaceNet_RIO_PS-RGB_mosaic_013022223133_512_9728.png,SpaceNet_RIO,PS-RGB_mosaic_013022223133.tif,0.5,512,512,512,9728,-43.6376953125,-22.8955078125,Brazil,South America,0.754,developing,0.0148429870605468,urban
SpaceNet_RIO_PS-RGB_mosaic_013022223130_17408_10752,images/SpaceNet_RIO_PS-RGB_mosaic_013022223130_17408_10752.png,labels/SpaceNet_RIO_PS-RGB_mosaic_013022223130_17408_10752.png,SpaceNet_RIO,PS-RGB_mosaic_013022223130.tif,0.5,512,512,17408,10752,-43.7255859375,-22.9833984375,Brazil,South America,0.754,developing,0.2755165100097656,urban
SpaceNet_RIO_PS-RGB_mosaic_013022232022_15360_15872,images/SpaceNet_RIO_PS-RGB_mosaic_013022232022_15360_15872.png,labels/SpaceNet_RIO_PS-RGB_mosaic_013022232022_15360_15872.png,SpaceNet_RIO,PS-RGB_mosaic_013022232022.tif,0.5,512,512,15360,15872,-43.5498046875,-22.8955078125,Brazil,South America,0.754,developing,0.1045303344726562,urban
SpaceNet_RIO_PS-RGB_mosaic_013022232022_13312_0,images/SpaceNet_RIO_PS-RGB_mosaic_013022232022_13312_0.png,labels/SpaceNet_RIO_PS-RGB_mosaic_013022232022_13312_0.png,SpaceNet_RIO,PS-RGB_mosaic_013022232022.tif,0.5,512,512,13312,0,-43.5498046875,-22.8955078125,Brazil,South America,0.754,developing,0.2331809997558593,urban
SpaceNet_RIO_PS-RGB_mosaic_013022223131_13312_12800,images/SpaceNet_RIO_PS-RGB_mosaic_013022223131_13312_12800.png,labels/SpaceNet_RIO_PS-RGB_mosaic_013022223131_13312_12800.png,SpaceNet_RIO,PS-RGB_mosaic_013022223131.tif,0.5,512,512,13312,12800,-43.6376953125,-22.9833984375,Brazil,South America,0.754,developing,0.0285263061523437,urban
SpaceNet_RIO_PS-RGB_mosaic_013022223131_12800_11264,images/SpaceNet_RIO_PS-RGB_mosaic_013022223131_12800_11264.png,labels/SpaceNet_RIO_PS-RGB_mosaic_013022223131_12800_11264.png,SpaceNet_RIO,PS-RGB_mosaic_013022223131.tif,0.5,512,512,12800,11264,-43.6376953125,-22.9833984375,Brazil,South America,0.754,developing,0.2073860168457031,urban
SpaceNet_RIO_PS-RGB_mosaic_013022223131_10240_9984,images/SpaceNet_RIO_PS-RGB_mosaic_013022223131_10240_9984.png,labels/SpaceNet_RIO_PS-RGB_mosaic_013022223131_10240_9984.png,SpaceNet_RIO,PS-RGB_mosaic_013022223131.tif,0.5,512,512,10240,9984,-43.6376953125,-22.9833984375,Brazil,South America,0.754,developing,0.0819625854492187,urban
SpaceNet_RIO_PS-RGB_mosaic_013022232020_13056_3328,images/SpaceNet_RIO_PS-RGB_mosaic_013022232020_13056_3328.png,labels/SpaceNet_RIO_PS-RGB_mosaic_013022232020_13056_3328.png,SpaceNet_RIO,PS-RGB_mosaic_013022232020.tif,0.5,512,512,13056,3328,-43.5498046875,-22.9833984375,Brazil,South America,0.754,developing,0.0092391967773437,urban
SpaceNet_RIO_PS-RGB_mosaic_013022223133_5888_11008,images/SpaceNet_RIO_PS-RGB_mosaic_013022223133_5888_11008.png,labels/SpaceNet_RIO_PS-RGB_mosaic_013022223133_5888_11008.png,SpaceNet_RIO,PS-RGB_mosaic_013022223133.tif,0.5,512,512,5888,11008,-43.6376953125,-22.8955078125,Brazil,South America,0.754,developing,0.0267715454101562,urban
SpaceNet_RIO_PS-RGB_mosaic_013022232022_768_8704,images/SpaceNet_RIO_PS-RGB_mosaic_013022232022_768_8704.png,labels/SpaceNet_RIO_PS-RGB_mosaic_013022232022_768_8704.png,SpaceNet_RIO,PS-RGB_mosaic_013022232022.tif,0.5,512,512,768,8704,-43.5498046875,-22.8955078125,Brazil,South America,0.754,developing,0.3610763549804687,urban
SpaceNet_RIO_PS-RGB_mosaic_013022232022_5120_0,images/SpaceNet_RIO_PS-RGB_mosaic_013022232022_5120_0.png,labels/SpaceNet_RIO_PS-RGB_mosaic_013022232022_5120_0.png,SpaceNet_RIO,PS-RGB_mosaic_013022232022.tif,0.5,512,512,5120,0,-43.5498046875,-22.8955078125,Brazil,South America,0.754,developing,0.0397529602050781,urban
SpaceNet_RIO_PS-RGB_mosaic_013022232022_11264_4864,images/SpaceNet_RIO_PS-RGB_mosaic_013022232022_11264_4864.png,labels/SpaceNet_RIO_PS-RGB_mosaic_013022232022_11264_4864.png,SpaceNet_RIO,PS-RGB_mosaic_013022232022.tif,0.5,512,512,11264,4864,-43.5498046875,-22.8955078125,Brazil,South America,0.754,developing,0.1193733215332031,urban
SpaceNet_RIO_PS-RGB_mosaic_013022223130_17920_10496,images/SpaceNet_RIO_PS-RGB_mosaic_013022223130_17920_10496.png,labels/SpaceNet_RIO_PS-RGB_mosaic_013022223130_17920_10496.png,SpaceNet_RIO,PS-RGB_mosaic_013022223130.tif,0.5,512,512,17920,10496,-43.7255859375,-22.9833984375,Brazil,South America,0.754,developing,0.0482368469238281,urban
SpaceNet_RIO_PS-RGB_mosaic_013022232020_6656_1536,images/SpaceNet_RIO_PS-RGB_mosaic_013022232020_6656_1536.png,labels/SpaceNet_RIO_PS-RGB_mosaic_013022232020_6656_1536.png,SpaceNet_RIO,PS-RGB_mosaic_013022232020.tif,0.5,512,512,6656,1536,-43.5498046875,-22.9833984375,Brazil,South America,0.754,developing,0.1430435180664062,urban
SpaceNet_RIO_PS-RGB_mosaic_013022223133_17664_8192,images/SpaceNet_RIO_PS-RGB_mosaic_013022223133_17664_8192.png,labels/SpaceNet_RIO_PS-RGB_mosaic_013022223133_17664_8192.png,SpaceNet_RIO,PS-RGB_mosaic_013022223133.tif,0.5,512,512,17664,8192,-43.6376953125,-22.8955078125,Brazil,South America,0.754,developing,0.3757476806640625,urban
SpaceNet_RIO_PS-RGB_mosaic_013022232022_9728_1792,images/SpaceNet_RIO_PS-RGB_mosaic_013022232022_9728_1792.png,labels/SpaceNet_RIO_PS-RGB_mosaic_013022232022_9728_1792.png,SpaceNet_RIO,PS-RGB_mosaic_013022232022.tif,0.5,512,512,9728,1792,-43.5498046875,-22.8955078125,Brazil,South America,0.754,developing,0.0352935791015625,urban
SpaceNet_RIO_PS-RGB_mosaic_013022232022_8448_2304,images/SpaceNet_RIO_PS-RGB_mosaic_013022232022_8448_2304.png,labels/SpaceNet_RIO_PS-RGB_mosaic_013022232022_8448_2304.png,SpaceNet_RIO,PS-RGB_mosaic_013022232022.tif,0.5,512,512,8448,2304,-43.5498046875,-22.8955078125,Brazil,South America,0.754,developing,0.2541618347167969,urban
SpaceNet_RIO_PS-RGB_mosaic_013022223130_17152_5632,images/SpaceNet_RIO_PS-RGB_mosaic_013022223130_17152_5632.png,labels/SpaceNet_RIO_PS-RGB_mosaic_013022223130_17152_5632.png,SpaceNet_RIO,PS-RGB_mosaic_013022223130.tif,0.5,512,512,17152,5632,-43.7255859375,-22.9833984375,Brazil,South America,0.754,developing,0.2543373107910156,urban
SpaceNet_RIO_PS-RGB_mosaic_013022232022_14336_0,images/SpaceNet_RIO_PS-RGB_mosaic_013022232022_14336_0.png,labels/SpaceNet_RIO_PS-RGB_mosaic_013022232022_14336_0.png,SpaceNet_RIO,PS-RGB_mosaic_013022232022.tif,0.5,512,512,14336,0,-43.5498046875,-22.8955078125,Brazil,South America,0.754,developing,0.0107460021972656,urban
SpaceNet_RIO_PS-RGB_mosaic_013022232022_17920_15104,images/SpaceNet_RIO_PS-RGB_mosaic_013022232022_17920_15104.png,labels/SpaceNet_RIO_PS-RGB_mosaic_013022232022_17920_15104.png,SpaceNet_RIO,PS-RGB_mosaic_013022232022.tif,0.5,512,512,17920,15104,-43.5498046875,-22.8955078125,Brazil,South America,0.754,developing,0.1287498474121093,urban
SpaceNet_RIO_PS-RGB_mosaic_013022223131_5376_8192,images/SpaceNet_RIO_PS-RGB_mosaic_013022223131_5376_8192.png,labels/SpaceNet_RIO_PS-RGB_mosaic_013022223131_5376_8192.png,SpaceNet_RIO,PS-RGB_mosaic_013022223131.tif,0.5,512,512,5376,8192,-43.6376953125,-22.9833984375,Brazil,South America,0.754,developing,0.0052223205566406,urban
SpaceNet_RIO_PS-RGB_mosaic_013022232022_17152_18432,images/SpaceNet_RIO_PS-RGB_mosaic_013022232022_17152_18432.png,labels/SpaceNet_RIO_PS-RGB_mosaic_013022232022_17152_18432.png,SpaceNet_RIO,PS-RGB_mosaic_013022232022.tif,0.5,512,512,17152,18432,-43.5498046875,-22.8955078125,Brazil,South America,0.754,developing,0.0027198791503906,urban
SpaceNet_RIO_PS-RGB_mosaic_013022223131_7168_3584,images/SpaceNet_RIO_PS-RGB_mosaic_013022223131_7168_3584.png,labels/SpaceNet_RIO_PS-RGB_mosaic_013022223131_7168_3584.png,SpaceNet_RIO,PS-RGB_mosaic_013022223131.tif,0.5,512,512,7168,3584,-43.6376953125,-22.9833984375,Brazil,South America,0.754,developing,0.0318527221679687,urban
SpaceNet_RIO_PS-RGB_mosaic_013022223131_1024_2048,images/SpaceNet_RIO_PS-RGB_mosaic_013022223131_1024_2048.png,labels/SpaceNet_RIO_PS-RGB_mosaic_013022223131_1024_2048.png,SpaceNet_RIO,PS-RGB_mosaic_013022223131.tif,0.5,512,512,1024,2048,-43.6376953125,-22.9833984375,Brazil,South America,0.754,developing,0.0778465270996093,urban
SpaceNet_RIO_PS-RGB_mosaic_013022223132_16640_5120,images/SpaceNet_RIO_PS-RGB_mosaic_013022223132_16640_5120.png,labels/SpaceNet_RIO_PS-RGB_mosaic_013022223132_16640_5120.png,SpaceNet_RIO,PS-RGB_mosaic_013022223132.tif,0.5,512,512,16640,5120,-43.7255859375,-22.8955078125,Brazil,South America,0.754,developing,0.0046920776367187,urban
SpaceNet_RIO_PS-RGB_mosaic_013022232022_13056_15104,images/SpaceNet_RIO_PS-RGB_mosaic_013022232022_13056_15104.png,labels/SpaceNet_RIO_PS-RGB_mosaic_013022232022_13056_15104.png,SpaceNet_RIO,PS-RGB_mosaic_013022232022.tif,0.5,512,512,13056,15104,-43.5498046875,-22.8955078125,Brazil,South America,0.754,developing,0.212982177734375,urban
SpaceNet_RIO_PS-RGB_mosaic_013022223133_15872_8704,images/SpaceNet_RIO_PS-RGB_mosaic_013022223133_15872_8704.png,labels/SpaceNet_RIO_PS-RGB_mosaic_013022223133_15872_8704.png,SpaceNet_RIO,PS-RGB_mosaic_013022223133.tif,0.5,512,512,15872,8704,-43.6376953125,-22.8955078125,Brazil,South America,0.754,developing,0.2832221984863281,urban
SpaceNet_RIO_PS-RGB_mosaic_013022232022_4864_4096,images/SpaceNet_RIO_PS-RGB_mosaic_013022232022_4864_4096.png,labels/SpaceNet_RIO_PS-RGB_mosaic_013022232022_4864_4096.png,SpaceNet_RIO,PS-RGB_mosaic_013022232022.tif,0.5,512,512,4864,4096,-43.5498046875,-22.8955078125,Brazil,South America,0.754,developing,0.2923240661621094,urban
SpaceNet_RIO_PS-RGB_mosaic_013022232022_8960_15616,images/SpaceNet_RIO_PS-RGB_mosaic_013022232022_8960_15616.png,labels/SpaceNet_RIO_PS-RGB_mosaic_013022232022_8960_15616.png,SpaceNet_RIO,PS-RGB_mosaic_013022232022.tif,0.5,512,512,8960,15616,-43.5498046875,-22.8955078125,Brazil,South America,0.754,developing,0.2432479858398437,urban
SpaceNet_RIO_PS-RGB_mosaic_013022232022_16640_17152,images/SpaceNet_RIO_PS-RGB_mosaic_013022232022_16640_17152.png,labels/SpaceNet_RIO_PS-RGB_mosaic_013022232022_16640_17152.png,SpaceNet_RIO,PS-RGB_mosaic_013022232022.tif,0.5,512,512,16640,17152,-43.5498046875,-22.8955078125,Brazil,South America,0.754,developing,0.0038375854492187,urban
SpaceNet_RIO_PS-RGB_mosaic_013022232200_12544_18688,images/SpaceNet_RIO_PS-RGB_mosaic_013022232200_12544_18688.png,labels/SpaceNet_RIO_PS-RGB_mosaic_013022232200_12544_18688.png,SpaceNet_RIO,PS-RGB_mosaic_013022232200.tif,0.5,512,512,12544,18688,-43.5498046875,-22.8076171875,Brazil,South America,0.754,developing,0.0434303283691406,urban
SpaceNet_RIO_PS-RGB_mosaic_013022232022_2560_14848,images/SpaceNet_RIO_PS-RGB_mosaic_013022232022_2560_14848.png,labels/SpaceNet_RIO_PS-RGB_mosaic_013022232022_2560_14848.png,SpaceNet_RIO,PS-RGB_mosaic_013022232022.tif,0.5,512,512,2560,14848,-43.5498046875,-22.8955078125,Brazil,South America,0.754,developing,0.1664543151855468,urban
SpaceNet_RIO_PS-RGB_mosaic_013022223132_17920_11264,images/SpaceNet_RIO_PS-RGB_mosaic_013022223132_17920_11264.png,labels/SpaceNet_RIO_PS-RGB_mosaic_013022223132_17920_11264.png,SpaceNet_RIO,PS-RGB_mosaic_013022223132.tif,0.5,512,512,17920,11264,-43.7255859375,-22.8955078125,Brazil,South America,0.754,developing,0.0211143493652343,urban
SpaceNet_RIO_PS-RGB_mosaic_013022223132_14336_16640,images/SpaceNet_RIO_PS-RGB_mosaic_013022223132_14336_16640.png,labels/SpaceNet_RIO_PS-RGB_mosaic_013022223132_14336_16640.png,SpaceNet_RIO,PS-RGB_mosaic_013022223132.tif,0.5,512,512,14336,16640,-43.7255859375,-22.8955078125,Brazil,South America,0.754,developing,0.0684547424316406,urban
SpaceNet_RIO_PS-RGB_mosaic_013022223133_15616_14592,images/SpaceNet_RIO_PS-RGB_mosaic_013022223133_15616_14592.png,labels/SpaceNet_RIO_PS-RGB_mosaic_013022223133_15616_14592.png,SpaceNet_RIO,PS-RGB_mosaic_013022223133.tif,0.5,512,512,15616,14592,-43.6376953125,-22.8955078125,Brazil,South America,0.754,developing,0.0208473205566406,urban
WHU_Aerial_10001069_0_512,images/WHU_Aerial_10001069_0_512.png,labels/WHU_Aerial_10001069_0_512.png,WHU_Aerial,10001069.TIF,0.075,512,512,0,512,172.63,-43.53,New Zealand,Oceania,0.937,developed,0.4975547790527344,urban_high_density
WHU_Aerial_10002374_256_256,images/WHU_Aerial_10002374_256_256.png,labels/WHU_Aerial_10002374_256_256.png,WHU_Aerial,10002374.TIF,0.075,512,512,256,256,172.63,-43.53,New Zealand,Oceania,0.937,developed,0.2528953552246094,urban_medium_density
WHU_Aerial_1000168_512_512,images/WHU_Aerial_1000168_512_512.png,labels/WHU_Aerial_1000168_512_512.png,WHU_Aerial,1000168.TIF,0.075,512,512,512,512,172.63,-43.53,New Zealand,Oceania,0.937,developed,0.2655792236328125,urban_medium_density
WHU_Aerial_100052_512_256,images/WHU_Aerial_100052_512_256.png,labels/WHU_Aerial_100052_512_256.png,WHU_Aerial,100052.TIF,0.075,512,512,512,256,172.63,-43.53,New Zealand,Oceania,0.937,developed,0.3098526000976562,urban_high_density
WHU_Aerial_10002478_256_512,images/WHU_Aerial_10002478_256_512.png,labels/WHU_Aerial_10002478_256_512.png,WHU_Aerial,10002478.TIF,0.075,512,512,256,512,172.63,-43.53,New Zealand,Oceania,0.937,developed,0.2824172973632812,urban_medium_density
WHU_Aerial_10001964_256_512,images/WHU_Aerial_10001964_256_512.png,labels/WHU_Aerial_10001964_256_512.png,WHU_Aerial,10001964.TIF,0.075,512,512,256,512,172.63,-43.53,New Zealand,Oceania,0.937,developed,0.1852645874023437,urban_medium_density
WHU_Aerial_1000251_256_256,images/WHU_Aerial_1000251_256_256.png,labels/WHU_Aerial_1000251_256_256.png,WHU_Aerial,1000251.TIF,0.075,512,512,256,256,172.63,-43.53,New Zealand,Oceania,0.937,developed,0.006927490234375,sparse
WHU_Aerial_10001399_256_256,images/WHU_Aerial_10001399_256_256.png,labels/WHU_Aerial_10001399_256_256.png,WHU_Aerial,10001399.TIF,0.075,512,512,256,256,172.63,-43.53,New Zealand,Oceania,0.937,developed,0.2042312622070312,urban_medium_density
WHU_Aerial_1000169_0_256,images/WHU_Aerial_1000169_0_256.png,labels/WHU_Aerial_1000169_0_256.png,WHU_Aerial,1000169.TIF,0.075,512,512,0,256,172.63,-43.53,New Zealand,Oceania,0.937,developed,0.2966079711914062,urban_medium_density
WHU_Aerial_1000341_0_0,images/WHU_Aerial_1000341_0_0.png,labels/WHU_Aerial_1000341_0_0.png,WHU_Aerial,1000341.TIF,0.075,512,512,0,0,172.63,-43.53,New Zealand,Oceania,0.937,developed,0.2580184936523437,urban_medium_density
WHU_Aerial_10001092_256_512,images/WHU_Aerial_10001092_256_512.png,labels/WHU_Aerial_10001092_256_512.png,WHU_Aerial,10001092.TIF,0.075,512,512,256,512,172.63,-43.53,New Zealand,Oceania,0.937,developed,0.1815605163574218,urban_medium_density
WHU_Aerial_10001799_512_0,images/WHU_Aerial_10001799_512_0.png,labels/WHU_Aerial_10001799_512_0.png,WHU_Aerial,10001799.TIF,0.075,512,512,512,0,172.63,-43.53,New Zealand,Oceania,0.937,developed,0.2632102966308594,urban_medium_density
WHU_Aerial_10002132_0_512,images/WHU_Aerial_10002132_0_512.png,labels/WHU_Aerial_10002132_0_512.png,WHU_Aerial,10002132.TIF,0.075,512,512,0,512,172.63,-43.53,New Zealand,Oceania,0.937,developed,0.0900344848632812,suburban
WHU_Aerial_1000981_256_512,images/WHU_Aerial_1000981_256_512.png,labels/WHU_Aerial_1000981_256_512.png,WHU_Aerial,1000981.TIF,0.075,512,512,256,512,172.63,-43.53,New Zealand,Oceania,0.937,developed,0.1825218200683593,urban_medium_density
WHU_Aerial_10002660_512_0,images/WHU_Aerial_10002660_512_0.png,labels/WHU_Aerial_10002660_512_0.png,WHU_Aerial,10002660.TIF,0.075,512,512,512,0,172.63,-43.53,New Zealand,Oceania,0.937,developed,0.0264854431152343,rural
WHU_Aerial_10001757_0_512,images/WHU_Aerial_10001757_0_512.png,labels/WHU_Aerial_10001757_0_512.png,WHU_Aerial,10001757.TIF,0.075,512,512,0,512,172.63,-43.53,New Zealand,Oceania,0.937,developed,0.263275146484375,urban_medium_density
WHU_Aerial_1000674_512_512,images/WHU_Aerial_1000674_512_512.png,labels/WHU_Aerial_1000674_512_512.png,WHU_Aerial,1000674.TIF,0.075,512,512,512,512,172.63,-43.53,New Zealand,Oceania,0.937,developed,0.2752723693847656,urban_medium_density
WHU_Aerial_1000408_0_512,images/WHU_Aerial_1000408_0_512.png,labels/WHU_Aerial_1000408_0_512.png,WHU_Aerial,1000408.TIF,0.075,512,512,0,512,172.63,-43.53,New Zealand,Oceania,0.937,developed,0.1451263427734375,suburban
WHU_Aerial_1000856_256_512,images/WHU_Aerial_1000856_256_512.png,labels/WHU_Aerial_1000856_256_512.png,WHU_Aerial,1000856.TIF,0.075,512,512,256,512,172.63,-43.53,New Zealand,Oceania,0.937,developed,0.5314483642578125,urban_high_density
WHU_Aerial_1000456_256_256,images/WHU_Aerial_1000456_256_256.png,labels/WHU_Aerial_1000456_256_256.png,WHU_Aerial,1000456.TIF,0.075,512,512,256,256,172.63,-43.53,New Zealand,Oceania,0.937,developed,0.2928047180175781,urban_medium_density
WHU_Aerial_10001921_512_256,images/WHU_Aerial_10001921_512_256.png,labels/WHU_Aerial_10001921_512_256.png,WHU_Aerial,10001921.TIF,0.075,512,512,512,256,172.63,-43.53,New Zealand,Oceania,0.937,developed,0.2763023376464844,urban_medium_density
WHU_Aerial_100026_256_256,images/WHU_Aerial_100026_256_256.png,labels/WHU_Aerial_100026_256_256.png,WHU_Aerial,100026.TIF,0.075,512,512,256,256,172.63,-43.53,New Zealand,Oceania,0.937,developed,0.2107810974121093,urban_medium_density
WHU_Aerial_1000476_0_512,images/WHU_Aerial_1000476_0_512.png,labels/WHU_Aerial_1000476_0_512.png,WHU_Aerial,1000476.TIF,0.075,512,512,0,512,172.63,-43.53,New Zealand,Oceania,0.937,developed,0.3819923400878906,urban_high_density
WHU_Aerial_1000487_256_0,images/WHU_Aerial_1000487_256_0.png,labels/WHU_Aerial_1000487_256_0.png,WHU_Aerial,1000487.TIF,0.075,512,512,256,0,172.63,-43.53,New Zealand,Oceania,0.937,developed,0.1845741271972656,urban_medium_density
WHU_Aerial_1000967_512_512,images/WHU_Aerial_1000967_512_512.png,labels/WHU_Aerial_1000967_512_512.png,WHU_Aerial,1000967.TIF,0.075,512,512,512,512,172.63,-43.53,New Zealand,Oceania,0.937,developed,0.2027587890625,urban_medium_density
WHU_Aerial_10002127_512_0,images/WHU_Aerial_10002127_512_0.png,labels/WHU_Aerial_10002127_512_0.png,WHU_Aerial,10002127.TIF,0.075,512,512,512,0,172.63,-43.53,New Zealand,Oceania,0.937,developed,0.0952491760253906,suburban
WHU_Aerial_1000943_256_256,images/WHU_Aerial_1000943_256_256.png,labels/WHU_Aerial_1000943_256_256.png,WHU_Aerial,1000943.TIF,0.075,512,512,256,256,172.63,-43.53,New Zealand,Oceania,0.937,developed,0.290252685546875,urban_medium_density
WHU_Aerial_10001778_0_256,images/WHU_Aerial_10001778_0_256.png,labels/WHU_Aerial_10001778_0_256.png,WHU_Aerial,10001778.TIF,0.075,512,512,0,256,172.63,-43.53,New Zealand,Oceania,0.937,developed,0.1485939025878906,suburban
WHU_Aerial_1000457_0_256,images/WHU_Aerial_1000457_0_256.png,labels/WHU_Aerial_1000457_0_256.png,WHU_Aerial,1000457.TIF,0.075,512,512,0,256,172.63,-43.53,New Zealand,Oceania,0.937,developed,0.0731010437011718,suburban
WHU_Aerial_1000557_512_256,images/WHU_Aerial_1000557_512_256.png,labels/WHU_Aerial_1000557_512_256.png,WHU_Aerial,1000557.TIF,0.075,512,512,512,256,172.63,-43.53,New Zealand,Oceania,0.937,developed,0.3252449035644531,urban_high_density
WHU_Aerial_1000549_0_512,images/WHU_Aerial_1000549_0_512.png,labels/WHU_Aerial_1000549_0_512.png,WHU_Aerial,1000549.TIF,0.075,512,512,0,512,172.63,-43.53,New Zealand,Oceania,0.937,developed,0.0021133422851562,sparse
WHU_Aerial_10001303_0_512,images/WHU_Aerial_10001303_0_512.png,labels/WHU_Aerial_10001303_0_512.png,WHU_Aerial,10001303.TIF,0.075,512,512,0,512,172.63,-43.53,New Zealand,Oceania,0.937,developed,0.0006866455078125,sparse
WHU_Aerial_1000535_512_256,images/WHU_Aerial_1000535_512_256.png,labels/WHU_Aerial_1000535_512_256.png,WHU_Aerial,1000535.TIF,0.075,512,512,512,256,172.63,-43.53,New Zealand,Oceania,0.937,developed,0.0876960754394531,suburban
WHU_Aerial_10001169_256_512,images/WHU_Aerial_10001169_256_512.png,labels/WHU_Aerial_10001169_256_512.png,WHU_Aerial,10001169.TIF,0.075,512,512,256,512,172.63,-43.53,New Zealand,Oceania,0.937,developed,0.3013420104980469,urban_high_density
WHU_Aerial_100080_256_256,images/WHU_Aerial_100080_256_256.png,labels/WHU_Aerial_100080_256_256.png,WHU_Aerial,100080.TIF,0.075,512,512,256,256,172.63,-43.53,New Zealand,Oceania,0.937,developed,0.1765556335449218,urban_medium_density
WHU_Aerial_10001504_512_0,images/WHU_Aerial_10001504_512_0.png,labels/WHU_Aerial_10001504_512_0.png,WHU_Aerial,10001504.TIF,0.075,512,512,512,0,172.63,-43.53,New Zealand,Oceania,0.937,developed,0.3767051696777344,urban_high_density
WHU_Aerial_10001874_0_0,images/WHU_Aerial_10001874_0_0.png,labels/WHU_Aerial_10001874_0_0.png,WHU_Aerial,10001874.TIF,0.075,512,512,0,0,172.63,-43.53,New Zealand,Oceania,0.937,developed,0.2669525146484375,urban_medium_density
WHU_Aerial_1000272_512_256,images/WHU_Aerial_1000272_512_256.png,labels/WHU_Aerial_1000272_512_256.png,WHU_Aerial,1000272.TIF,0.075,512,512,512,256,172.63,-43.53,New Zealand,Oceania,0.937,developed,0.2304344177246093,urban_medium_density
WHU_Aerial_10002199_512_256,images/WHU_Aerial_10002199_512_256.png,labels/WHU_Aerial_10002199_512_256.png,WHU_Aerial,10002199.TIF,0.075,512,512,512,256,172.63,-43.53,New Zealand,Oceania,0.937,developed,0.3499183654785156,urban_high_density
WHU_Aerial_1000184_0_512,images/WHU_Aerial_1000184_0_512.png,labels/WHU_Aerial_1000184_0_512.png,WHU_Aerial,1000184.TIF,0.075,512,512,0,512,172.63,-43.53,New Zealand,Oceania,0.937,developed,0.218231201171875,urban_medium_density
WHU_Aerial_10001441_512_512,images/WHU_Aerial_10001441_512_512.png,labels/WHU_Aerial_10001441_512_512.png,WHU_Aerial,10001441.TIF,0.075,512,512,512,512,172.63,-43.53,New Zealand,Oceania,0.937,developed,0.0784759521484375,suburban
WHU_Aerial_1000834_0_0,images/WHU_Aerial_1000834_0_0.png,labels/WHU_Aerial_1000834_0_0.png,WHU_Aerial,1000834.TIF,0.075,512,512,0,0,172.63,-43.53,New Zealand,Oceania,0.937,developed,0.26165771484375,urban_medium_density
WHU_Aerial_10001241_256_512,images/WHU_Aerial_10001241_256_512.png,labels/WHU_Aerial_10001241_256_512.png,WHU_Aerial,10001241.TIF,0.075,512,512,256,512,172.63,-43.53,New Zealand,Oceania,0.937,developed,0.1461830139160156,suburban
WHU_Aerial_10002079_0_256,images/WHU_Aerial_10002079_0_256.png,labels/WHU_Aerial_10002079_0_256.png,WHU_Aerial,10002079.TIF,0.075,512,512,0,256,172.63,-43.53,New Zealand,Oceania,0.937,developed,0.4365043640136719,urban_high_density
WHU_Aerial_10002377_256_512,images/WHU_Aerial_10002377_256_512.png,labels/WHU_Aerial_10002377_256_512.png,WHU_Aerial,10002377.TIF,0.075,512,512,256,512,172.63,-43.53,New Zealand,Oceania,0.937,developed,0.0722122192382812,suburban
WHU_Aerial_10001089_0_256,images/WHU_Aerial_10001089_0_256.png,labels/WHU_Aerial_10001089_0_256.png,WHU_Aerial,10001089.TIF,0.075,512,512,0,256,172.63,-43.53,New Zealand,Oceania,0.937,developed,0.3079452514648437,urban_high_density
WHU_Aerial_1000851_256_0,images/WHU_Aerial_1000851_256_0.png,labels/WHU_Aerial_1000851_256_0.png,WHU_Aerial,1000851.TIF,0.075,512,512,256,0,172.63,-43.53,New Zealand,Oceania,0.937,developed,0.2708549499511719,urban_medium_density
WHU_Aerial_10002669_512_512,images/WHU_Aerial_10002669_512_512.png,labels/WHU_Aerial_10002669_512_512.png,WHU_Aerial,10002669.TIF,0.075,512,512,512,512,172.63,-43.53,New Zealand,Oceania,0.937,developed,0.2825088500976562,urban_medium_density
WHU_Aerial_100086_0_256,images/WHU_Aerial_100086_0_256.png,labels/WHU_Aerial_100086_0_256.png,WHU_Aerial,100086.TIF,0.075,512,512,0,256,172.63,-43.53,New Zealand,Oceania,0.937,developed,0.0901527404785156,suburban
WHU_Aerial_10002119_0_256,images/WHU_Aerial_10002119_0_256.png,labels/WHU_Aerial_10002119_0_256.png,WHU_Aerial,10002119.TIF,0.075,512,512,0,256,172.63,-43.53,New Zealand,Oceania,0.937,developed,0.2330818176269531,urban_medium_density
WHU_Aerial_10001886_256_512,images/WHU_Aerial_10001886_256_512.png,labels/WHU_Aerial_10001886_256_512.png,WHU_Aerial,10001886.TIF,0.075,512,512,256,512,172.63,-43.53,New Zealand,Oceania,0.937,developed,0.2669677734375,urban_medium_density
WHU_Aerial_10002533_0_0,images/WHU_Aerial_10002533_0_0.png,labels/WHU_Aerial_10002533_0_0.png,WHU_Aerial,10002533.TIF,0.075,512,512,0,0,172.63,-43.53,New Zealand,Oceania,0.937,developed,0.0245704650878906,rural
WHU_Aerial_10001294_256_0,images/WHU_Aerial_10001294_256_0.png,labels/WHU_Aerial_10001294_256_0.png,WHU_Aerial,10001294.TIF,0.075,512,512,256,0,172.63,-43.53,New Zealand,Oceania,0.937,developed,0.2167625427246093,urban_medium_density
WHU_Aerial_10001695_512_0,images/WHU_Aerial_10001695_512_0.png,labels/WHU_Aerial_10001695_512_0.png,WHU_Aerial,10001695.TIF,0.075,512,512,512,0,172.63,-43.53,New Zealand,Oceania,0.937,developed,0.2289886474609375,urban_medium_density
WHU_Aerial_1000219_0_0,images/WHU_Aerial_1000219_0_0.png,labels/WHU_Aerial_1000219_0_0.png,WHU_Aerial,1000219.TIF,0.075,512,512,0,0,172.63,-43.53,New Zealand,Oceania,0.937,developed,0.0386543273925781,rural
WHU_Aerial_10002090_0_0,images/WHU_Aerial_10002090_0_0.png,labels/WHU_Aerial_10002090_0_0.png,WHU_Aerial,10002090.TIF,0.075,512,512,0,0,172.63,-43.53,New Zealand,Oceania,0.937,developed,0.2269287109375,urban_medium_density
WHU_Aerial_10002281_256_256,images/WHU_Aerial_10002281_256_256.png,labels/WHU_Aerial_10002281_256_256.png,WHU_Aerial,10002281.TIF,0.075,512,512,256,256,172.63,-43.53,New Zealand,Oceania,0.937,developed,0.2263374328613281,urban_medium_density
WHU_Aerial_10002533_256_256,images/WHU_Aerial_10002533_256_256.png,labels/WHU_Aerial_10002533_256_256.png,WHU_Aerial,10002533.TIF,0.075,512,512,256,256,172.63,-43.53,New Zealand,Oceania,0.937,developed,0.0096321105957031,sparse
WHU_Aerial_100085_0_256,images/WHU_Aerial_100085_0_256.png,labels/WHU_Aerial_100085_0_256.png,WHU_Aerial,100085.TIF,0.075,512,512,0,256,172.63,-43.53,New Zealand,Oceania,0.937,developed,0.2315597534179687,urban_medium_density
WHU_Aerial_1000257_0_512,images/WHU_Aerial_1000257_0_512.png,labels/WHU_Aerial_1000257_0_512.png,WHU_Aerial,1000257.TIF,0.075,512,512,0,512,172.63,-43.53,New Zealand,Oceania,0.937,developed,0.2071952819824218,urban_medium_density
WHU_Aerial_10002228_512_256,images/WHU_Aerial_10002228_512_256.png,labels/WHU_Aerial_10002228_512_256.png,WHU_Aerial,10002228.TIF,0.075,512,512,512,256,172.63,-43.53,New Zealand,Oceania,0.937,developed,0.2511405944824219,urban_medium_density
WHU_Aerial_10002154_256_512,images/WHU_Aerial_10002154_256_512.png,labels/WHU_Aerial_10002154_256_512.png,WHU_Aerial,10002154.TIF,0.075,512,512,256,512,172.63,-43.53,New Zealand,Oceania,0.937,developed,0.254058837890625,urban_medium_density
WHU_Aerial_10002227_512_256,images/WHU_Aerial_10002227_512_256.png,labels/WHU_Aerial_10002227_512_256.png,WHU_Aerial,10002227.TIF,0.075,512,512,512,256,172.63,-43.53,New Zealand,Oceania,0.937,developed,0.3240928649902344,urban_high_density
WHU_Aerial_10002124_512_256,images/WHU_Aerial_10002124_512_256.png,labels/WHU_Aerial_10002124_512_256.png,WHU_Aerial,10002124.TIF,0.075,512,512,512,256,172.63,-43.53,New Zealand,Oceania,0.937,developed,0.2532157897949219,urban_medium_density
WHU_Aerial_10002249_0_256,images/WHU_Aerial_10002249_0_256.png,labels/WHU_Aerial_10002249_0_256.png,WHU_Aerial,10002249.TIF,0.075,512,512,0,256,172.63,-43.53,New Zealand,Oceania,0.937,developed,0.1602706909179687,urban_medium_density
WHU_Aerial_1000369_0_0,images/WHU_Aerial_1000369_0_0.png,labels/WHU_Aerial_1000369_0_0.png,WHU_Aerial,1000369.TIF,0.075,512,512,0,0,172.63,-43.53,New Zealand,Oceania,0.937,developed,0.2001991271972656,urban_medium_density
WHU_Aerial_10001622_256_256,images/WHU_Aerial_10001622_256_256.png,labels/WHU_Aerial_10001622_256_256.png,WHU_Aerial,10001622.TIF,0.075,512,512,256,256,172.63,-43.53,New Zealand,Oceania,0.937,developed,0.2904586791992187,urban_medium_density
WHU_Aerial_1000249_512_256,images/WHU_Aerial_1000249_512_256.png,labels/WHU_Aerial_1000249_512_256.png,WHU_Aerial,1000249.TIF,0.075,512,512,512,256,172.63,-43.53,New Zealand,Oceania,0.937,developed,0.2693977355957031,urban_medium_density
WHU_Aerial_10001629_512_256,images/WHU_Aerial_10001629_512_256.png,labels/WHU_Aerial_10001629_512_256.png,WHU_Aerial,10001629.TIF,0.075,512,512,512,256,172.63,-43.53,New Zealand,Oceania,0.937,developed,0.0008087158203125,sparse
WHU_Aerial_10001426_0_256,images/WHU_Aerial_10001426_0_256.png,labels/WHU_Aerial_10001426_0_256.png,WHU_Aerial,10001426.TIF,0.075,512,512,0,256,172.63,-43.53,New Zealand,Oceania,0.937,developed,0.3021049499511719,urban_high_density
WHU_Aerial_10002293_512_512,images/WHU_Aerial_10002293_512_512.png,labels/WHU_Aerial_10002293_512_512.png,WHU_Aerial,10002293.TIF,0.075,512,512,512,512,172.63,-43.53,New Zealand,Oceania,0.937,developed,0.0696220397949218,suburban
WHU_Aerial_10002168_512_512,images/WHU_Aerial_10002168_512_512.png,labels/WHU_Aerial_10002168_512_512.png,WHU_Aerial,10002168.TIF,0.075,512,512,512,512,172.63,-43.53,New Zealand,Oceania,0.937,developed,0.1983833312988281,urban_medium_density
WHU_Aerial_1000329_256_256,images/WHU_Aerial_1000329_256_256.png,labels/WHU_Aerial_1000329_256_256.png,WHU_Aerial,1000329.TIF,0.075,512,512,256,256,172.63,-43.53,New Zealand,Oceania,0.937,developed,0.2163200378417968,urban_medium_density
WHU_Aerial_1000663_256_512,images/WHU_Aerial_1000663_256_512.png,labels/WHU_Aerial_1000663_256_512.png,WHU_Aerial,1000663.TIF,0.075,512,512,256,512,172.63,-43.53,New Zealand,Oceania,0.937,developed,0.2826614379882812,urban_medium_density
WHU_Aerial_10001173_256_512,images/WHU_Aerial_10001173_256_512.png,labels/WHU_Aerial_10001173_256_512.png,WHU_Aerial,10001173.TIF,0.075,512,512,256,512,172.63,-43.53,New Zealand,Oceania,0.937,developed,0.2437324523925781,urban_medium_density
WHU_Aerial_10001801_512_256,images/WHU_Aerial_10001801_512_256.png,labels/WHU_Aerial_10001801_512_256.png,WHU_Aerial,10001801.TIF,0.075,512,512,512,256,172.63,-43.53,New Zealand,Oceania,0.937,developed,0.1970367431640625,urban_medium_density
WHU_Aerial_1000714_0_256,images/WHU_Aerial_1000714_0_256.png,labels/WHU_Aerial_1000714_0_256.png,WHU_Aerial,1000714.TIF,0.075,512,512,0,256,172.63,-43.53,New Zealand,Oceania,0.937,developed,0.4496078491210937,urban_high_density
WHU_Aerial_10001651_512_256,images/WHU_Aerial_10001651_512_256.png,labels/WHU_Aerial_10001651_512_256.png,WHU_Aerial,10001651.TIF,0.075,512,512,512,256,172.63,-43.53,New Zealand,Oceania,0.937,developed,0.2636680603027344,urban_medium_density
WHU_Aerial_1000266_256_512,images/WHU_Aerial_1000266_256_512.png,labels/WHU_Aerial_1000266_256_512.png,WHU_Aerial,1000266.TIF,0.075,512,512,256,512,172.63,-43.53,New Zealand,Oceania,0.937,developed,0.3002586364746094,urban_high_density
WHU_Aerial_10001149_256_256,images/WHU_Aerial_10001149_256_256.png,labels/WHU_Aerial_10001149_256_256.png,WHU_Aerial,10001149.TIF,0.075,512,512,256,256,172.63,-43.53,New Zealand,Oceania,0.937,developed,0.2962150573730469,urban_medium_density
